target_database,donor_schedule_database,tolerance_hours,method,evaluation_target,metric,n_replicates,mean,sd,q025,q975
EICU,EICU,12.0,full_reference,retained_reference,outcome_observed_fraction,100,0.5952463566967383,0.012521421283900588,0.5714607911172798,0.61911866759195
EICU,EICU,12.0,full_reference,retained_reference,reconstructed_sensitivity,100,0.5287463126843658,0.02076092762094468,0.49107669616519173,0.5658923303834807
EICU,EICU,12.0,full_reference,retained_reference,mean_retained_measurements,100,3.2366065232477452,0.05267316688625521,3.1416551006245665,3.343858431644691
EICU,EICU,12.0,full_reference,retained_reference,event_rate,100,0.47050659264399736,1.1158161231197418e-16,0.47050659264399725,0.47050659264399725
EICU,EICU,12.0,full_reference,retained_reference,oe,100,0.9936864098810975,0.0,0.9936864098810975,0.9936864098810975
EICU,EICU,12.0,full_reference,retained_reference,brier,100,0.18553140001521803,2.7895403077993544e-17,0.18553140001521806,0.18553140001521806
EICU,EICU,12.0,full_reference,retained_reference,auc,100,0.7951340965061838,1.1158161231197418e-16,0.7951340965061837,0.7951340965061837
EICU,EICU,12.0,full_reference,retained_reference,calibration_intercept,100,-0.022589334736231145,3.486925384749193e-18,-0.02258933473623114,-0.02258933473623114
EICU,EICU,12.0,full_reference,retained_reference,calibration_slope,100,0.926677582194532,1.1158161231197418e-16,0.9266775821945321,0.9266775821945321
EICU,EICU,12.0,local_recalibration,reconstructed_observed,outcome_observed_fraction,100,0.5952463566967383,0.012521421283900588,0.5714607911172798,0.61911866759195
EICU,EICU,12.0,local_recalibration,reconstructed_observed,reconstructed_sensitivity,100,0.5287463126843658,0.02076092762094468,0.49107669616519173,0.5658923303834807
EICU,EICU,12.0,local_recalibration,reconstructed_observed,mean_retained_measurements,100,3.2366065232477452,0.05267316688625521,3.1416551006245665,3.343858431644691
EICU,EICU,12.0,local_recalibration,reconstructed_observed,event_rate,100,0.4179011004809551,0.012571491250389566,0.3975765191841467,0.4429238579174332
EICU,EICU,12.0,local_recalibration,reconstructed_observed,oe,100,0.9997458410085536,0.0037821825357613388,0.9900487597616561,1.0055778130395998
EICU,EICU,12.0,local_recalibration,reconstructed_observed,brier,100,0.18188698012518142,0.004667997322430123,0.17236200066546536,0.18954318444290216
EICU,EICU,12.0,local_recalibration,reconstructed_observed,auc,100,0.7996378287776469,0.01008498496120419,0.7794743273390943,0.8172557429888843
EICU,EICU,12.0,local_recalibration,reconstructed_observed,calibration_intercept,100,-0.007582032097145155,0.01320491437482749,-0.03922731713961337,0.007270737998687968
EICU,EICU,12.0,local_recalibration,reconstructed_observed,calibration_slope,100,0.9725068740352603,0.030621443818465977,0.8727856556644962,1.0020396620917156
EICU,EICU,12.0,local_recalibration,retained_reference,outcome_observed_fraction,100,0.5952463566967383,0.012521421283900588,0.5714607911172798,0.61911866759195
EICU,EICU,12.0,local_recalibration,retained_reference,reconstructed_sensitivity,100,0.5287463126843658,0.02076092762094468,0.49107669616519173,0.5658923303834807
EICU,EICU,12.0,local_recalibration,retained_reference,mean_retained_measurements,100,3.2366065232477452,0.05267316688625521,3.1416551006245665,3.343858431644691
EICU,EICU,12.0,local_recalibration,retained_reference,event_rate,100,0.47050659264399736,1.1158161231197418e-16,0.47050659264399725,0.47050659264399725
EICU,EICU,12.0,local_recalibration,retained_reference,oe,100,1.124560648032928,0.02926856288928676,1.0657455535257652,1.1839905480347555
EICU,EICU,12.0,local_recalibration,retained_reference,brier,100,0.1914880553268073,0.0019028946440342112,0.1881806954297359,0.19533841211433084
EICU,EICU,12.0,local_recalibration,retained_reference,auc,100,0.7931238667424428,0.002185045901524812,0.7879748566634577,0.7952970536270041
EICU,EICU,12.0,local_recalibration,retained_reference,calibration_intercept,100,0.2683961125284254,0.060514073004082944,0.14403063625798518,0.3910730493827716
EICU,EICU,12.0,local_recalibration,retained_reference,calibration_slope,100,0.9535616041031885,0.04556857362902624,0.8626022033638306,1.038982973803461
EICU,EICU,12.0,naive,reconstructed_observed,outcome_observed_fraction,100,0.5952463566967383,0.012521421283900588,0.5714607911172798,0.61911866759195
EICU,EICU,12.0,naive,reconstructed_observed,reconstructed_sensitivity,100,0.5287463126843658,0.02076092762094468,0.49107669616519173,0.5658923303834807
EICU,EICU,12.0,naive,reconstructed_observed,mean_retained_measurements,100,3.2366065232477452,0.05267316688625521,3.1416551006245665,3.343858431644691
EICU,EICU,12.0,naive,reconstructed_observed,event_rate,100,0.4179011004809551,0.012571491250389566,0.3975765191841467,0.4429238579174332
EICU,EICU,12.0,naive,reconstructed_observed,oe,100,0.8840942658907227,0.022638656874634462,0.842728008240287,0.9323478191925858
EICU,EICU,12.0,naive,reconstructed_observed,brier,100,0.18201263862136785,0.004223311981355746,0.17399569632052655,0.19064504006115682
EICU,EICU,12.0,naive,reconstructed_observed,auc,100,0.8026175080758254,0.009138746933457441,0.7839299234268365,0.8185486385894521
EICU,EICU,12.0,naive,reconstructed_observed,calibration_intercept,100,-0.3056354122855573,0.05953202723658805,-0.41790282090083647,-0.17965175707491876
EICU,EICU,12.0,naive,reconstructed_observed,calibration_slope,100,0.9538791838600125,0.043886774826137044,0.8813341086028064,1.040734729139881
EICU,EICU,24.0,full_reference,retained_reference,outcome_observed_fraction,100,0.616620402498265,0.012793898166914902,0.5968077723802915,0.6427827897293545
EICU,EICU,24.0,full_reference,retained_reference,reconstructed_sensitivity,100,0.5477581120943953,0.020048324438394233,0.5117994100294986,0.5872418879056046
EICU,EICU,24.0,full_reference,retained_reference,mean_retained_measurements,100,3.3444413601665515,0.053818158421582905,3.2511103400416377,3.4307251908396945
EICU,EICU,24.0,full_reference,retained_reference,event_rate,100,0.47050659264399736,1.1158161231197418e-16,0.47050659264399725,0.47050659264399725
EICU,EICU,24.0,full_reference,retained_reference,oe,100,0.9936864098810975,0.0,0.9936864098810975,0.9936864098810975
EICU,EICU,24.0,full_reference,retained_reference,brier,100,0.18553140001521803,2.7895403077993544e-17,0.18553140001521806,0.18553140001521806
EICU,EICU,24.0,full_reference,retained_reference,auc,100,0.7951340965061838,1.1158161231197418e-16,0.7951340965061837,0.7951340965061837
EICU,EICU,24.0,full_reference,retained_reference,calibration_intercept,100,-0.022589334736231145,3.486925384749193e-18,-0.02258933473623114,-0.02258933473623114
EICU,EICU,24.0,full_reference,retained_reference,calibration_slope,100,0.926677582194532,1.1158161231197418e-16,0.9266775821945321,0.9266775821945321
EICU,EICU,24.0,local_recalibration,reconstructed_observed,outcome_observed_fraction,100,0.616620402498265,0.012793898166914902,0.5968077723802915,0.6427827897293545
EICU,EICU,24.0,local_recalibration,reconstructed_observed,reconstructed_sensitivity,100,0.5477581120943953,0.020048324438394233,0.5117994100294986,0.5872418879056046
EICU,EICU,24.0,local_recalibration,reconstructed_observed,mean_retained_measurements,100,3.3444413601665515,0.053818158421582905,3.2511103400416377,3.4307251908396945
EICU,EICU,24.0,local_recalibration,reconstructed_observed,event_rate,100,0.4179287537960652,0.011417569729680457,0.39419852129716815,0.4359188061013119
EICU,EICU,24.0,local_recalibration,reconstructed_observed,oe,100,0.9997509741152587,0.0029580170445151063,0.9942344187626377,1.0059018230915489
EICU,EICU,24.0,local_recalibration,reconstructed_observed,brier,100,0.1831016776429128,0.004647421700314819,0.1742864304886439,0.1914805594463412
EICU,EICU,24.0,local_recalibration,reconstructed_observed,auc,100,0.7963466240903608,0.010907200545779094,0.7749178409982096,0.8149499620794297
EICU,EICU,24.0,local_recalibration,reconstructed_observed,calibration_intercept,100,-0.005903695978687043,0.010318411611186675,-0.025383038942676423,0.01008859474176679
EICU,EICU,24.0,local_recalibration,reconstructed_observed,calibration_slope,100,0.9795505177531251,0.021543436384233044,0.9332848142706596,1.001455197260414
EICU,EICU,24.0,local_recalibration,retained_reference,outcome_observed_fraction,100,0.616620402498265,0.012793898166914902,0.5968077723802915,0.6427827897293545
EICU,EICU,24.0,local_recalibration,retained_reference,reconstructed_sensitivity,100,0.5477581120943953,0.020048324438394233,0.5117994100294986,0.5872418879056046
EICU,EICU,24.0,local_recalibration,retained_reference,mean_retained_measurements,100,3.3444413601665515,0.053818158421582905,3.2511103400416377,3.4307251908396945
EICU,EICU,24.0,local_recalibration,retained_reference,event_rate,100,0.47050659264399736,1.1158161231197418e-16,0.47050659264399725,0.47050659264399725
EICU,EICU,24.0,local_recalibration,retained_reference,oe,100,1.1269510641191303,0.027402819641302187,1.0829170389345604,1.1875580645942723
EICU,EICU,24.0,local_recalibration,retained_reference,brier,100,0.19133020354864247,0.0016994306813602985,0.18891787019616754,0.19478242744392238
EICU,EICU,24.0,local_recalibration,retained_reference,auc,100,0.7935082754381283,0.00166868497223118,0.7893980251839309,0.7953151760826114
EICU,EICU,24.0,local_recalibration,retained_reference,calibration_intercept,100,0.28023134061455174,0.060094061358917726,0.17870623074558803,0.4113291743701146
EICU,EICU,24.0,local_recalibration,retained_reference,calibration_slope,100,0.9770334091123568,0.05857412409479892,0.8730759882526378,1.1021145786979663
EICU,EICU,24.0,naive,reconstructed_observed,outcome_observed_fraction,100,0.616620402498265,0.012793898166914902,0.5968077723802915,0.6427827897293545
EICU,EICU,24.0,naive,reconstructed_observed,reconstructed_sensitivity,100,0.5477581120943953,0.020048324438394233,0.5117994100294986,0.5872418879056046
EICU,EICU,24.0,naive,reconstructed_observed,mean_retained_measurements,100,3.3444413601665515,0.053818158421582905,3.2511103400416377,3.4307251908396945
EICU,EICU,24.0,naive,reconstructed_observed,event_rate,100,0.4179287537960652,0.011417569729680457,0.39419852129716815,0.4359188061013119
EICU,EICU,24.0,naive,reconstructed_observed,oe,100,0.882101138304063,0.02102727568577169,0.8360222076782526,0.9151166809856881
EICU,EICU,24.0,naive,reconstructed_observed,brier,100,0.1838248228409687,0.00499055197155247,0.17392087434727854,0.19336375494615807
EICU,EICU,24.0,naive,reconstructed_observed,auc,100,0.7987247170730147,0.010772154929190168,0.7777811860055334,0.8196447175447783
EICU,EICU,24.0,naive,reconstructed_observed,calibration_intercept,100,-0.30990820398141017,0.05450704876216016,-0.4284805358308444,-0.22236724650896958
EICU,EICU,24.0,naive,reconstructed_observed,calibration_slope,100,0.9371479834938273,0.053600267879065314,0.8324269950062694,1.0524365676494236
EICU,MIMIC,12.0,full_reference,retained_reference,outcome_observed_fraction,100,0.8291811242192921,0.00884611494438539,0.8136190145732131,0.8469986120749479
EICU,MIMIC,12.0,full_reference,retained_reference,reconstructed_sensitivity,100,0.7566666666666667,0.015966818580562894,0.7277654867256638,0.7884587020648968
EICU,MIMIC,12.0,full_reference,retained_reference,mean_retained_measurements,100,4.430548230395559,0.04789181303521996,4.343285912560722,4.527255378209577
EICU,MIMIC,12.0,full_reference,retained_reference,event_rate,100,0.47050659264399736,1.1158161231197418e-16,0.47050659264399725,0.47050659264399725
EICU,MIMIC,12.0,full_reference,retained_reference,oe,100,0.9936864098810975,0.0,0.9936864098810975,0.9936864098810975
EICU,MIMIC,12.0,full_reference,retained_reference,brier,100,0.18553140001521803,2.7895403077993544e-17,0.18553140001521806,0.18553140001521806
EICU,MIMIC,12.0,full_reference,retained_reference,auc,100,0.7951340965061838,1.1158161231197418e-16,0.7951340965061837,0.7951340965061837
EICU,MIMIC,12.0,full_reference,retained_reference,calibration_intercept,100,-0.022589334736231145,3.486925384749193e-18,-0.02258933473623114,-0.02258933473623114
EICU,MIMIC,12.0,full_reference,retained_reference,calibration_slope,100,0.926677582194532,1.1158161231197418e-16,0.9266775821945321,0.9266775821945321
EICU,MIMIC,12.0,local_recalibration,reconstructed_observed,outcome_observed_fraction,100,0.8291811242192921,0.00884611494438539,0.8136190145732131,0.8469986120749479
EICU,MIMIC,12.0,local_recalibration,reconstructed_observed,reconstructed_sensitivity,100,0.7566666666666667,0.015966818580562894,0.7277654867256638,0.7884587020648968
EICU,MIMIC,12.0,local_recalibration,reconstructed_observed,mean_retained_measurements,100,4.430548230395559,0.04789181303521996,4.343285912560722,4.527255378209577
EICU,MIMIC,12.0,local_recalibration,reconstructed_observed,event_rate,100,0.42934792909212804,0.0071413454774865055,0.41643956911623714,0.4437305402456038
EICU,MIMIC,12.0,local_recalibration,reconstructed_observed,oe,100,0.9999157848607864,0.002504390376454064,0.9955796261560834,1.0060315833109699
EICU,MIMIC,12.0,local_recalibration,reconstructed_observed,brier,100,0.18248753333732146,0.0027764059793100393,0.17782782181850362,0.18780229541143287
EICU,MIMIC,12.0,local_recalibration,reconstructed_observed,auc,100,0.7996910110005885,0.0062533253904826025,0.7886476775314628,0.8107131504489498
EICU,MIMIC,12.0,local_recalibration,reconstructed_observed,calibration_intercept,100,-0.00372016945007434,0.007769423319673491,-0.02700561874191547,0.007796033536183822
EICU,MIMIC,12.0,local_recalibration,reconstructed_observed,calibration_slope,100,0.9842546411338107,0.0178262812505943,0.9441798502698088,0.9999909504157558
EICU,MIMIC,12.0,local_recalibration,retained_reference,outcome_observed_fraction,100,0.8291811242192921,0.00884611494438539,0.8136190145732131,0.8469986120749479
EICU,MIMIC,12.0,local_recalibration,retained_reference,reconstructed_sensitivity,100,0.7566666666666667,0.015966818580562894,0.7277654867256638,0.7884587020648968
EICU,MIMIC,12.0,local_recalibration,retained_reference,mean_retained_measurements,100,4.430548230395559,0.04789181303521996,4.343285912560722,4.527255378209577
EICU,MIMIC,12.0,local_recalibration,retained_reference,event_rate,100,0.47050659264399736,1.1158161231197418e-16,0.47050659264399725,0.47050659264399725
EICU,MIMIC,12.0,local_recalibration,retained_reference,oe,100,1.0938813104702425,0.017471231582098606,1.065556166828464,1.1267755246806617
EICU,MIMIC,12.0,local_recalibration,retained_reference,brier,100,0.1895457477565815,0.0011121742768925513,0.18800915014476294,0.19218592679823548
EICU,MIMIC,12.0,local_recalibration,retained_reference,auc,100,0.7935514407110574,0.0014513111480693253,0.7895998851761212,0.7951641072926694
EICU,MIMIC,12.0,local_recalibration,retained_reference,calibration_intercept,100,0.20907827234643045,0.038206182416301936,0.14589265006810245,0.28063843193932625
EICU,MIMIC,12.0,local_recalibration,retained_reference,calibration_slope,100,0.9620247936202477,0.03370410745024373,0.9044021355487615,1.0314862736484225
EICU,MIMIC,12.0,naive,reconstructed_observed,outcome_observed_fraction,100,0.8291811242192921,0.00884611494438539,0.8136190145732131,0.8469986120749479
EICU,MIMIC,12.0,naive,reconstructed_observed,reconstructed_sensitivity,100,0.7566666666666667,0.015966818580562894,0.7277654867256638,0.7884587020648968
EICU,MIMIC,12.0,naive,reconstructed_observed,mean_retained_measurements,100,4.430548230395559,0.04789181303521996,4.343285912560722,4.527255378209577
EICU,MIMIC,12.0,naive,reconstructed_observed,event_rate,100,0.42934792909212804,0.0071413454774865055,0.41643956911623714,0.4437305402456038
EICU,MIMIC,12.0,naive,reconstructed_observed,oe,100,0.9084744245701052,0.01414726021100802,0.8813302282245725,0.9329911595231499
EICU,MIMIC,12.0,naive,reconstructed_observed,brier,100,0.18228314651232339,0.002838998299003185,0.17722400868079208,0.18782377267823808
EICU,MIMIC,12.0,naive,reconstructed_observed,auc,100,0.8014903223996421,0.006219339596699737,0.7895320627612635,0.8125173637464261
EICU,MIMIC,12.0,naive,reconstructed_observed,calibration_intercept,100,-0.24132920423718157,0.03709444716497423,-0.3131858479626392,-0.17727940262622727
EICU,MIMIC,12.0,naive,reconstructed_observed,calibration_slope,100,0.9507677819573934,0.029905994606011774,0.893510754374045,1.0013654928655555
EICU,MIMIC,24.0,full_reference,retained_reference,outcome_observed_fraction,100,0.8559472588480221,0.008517668481779258,0.8365197779319917,0.8719812630117973
EICU,MIMIC,24.0,full_reference,retained_reference,reconstructed_sensitivity,100,0.7855162241887905,0.014278688471868065,0.7617625368731563,0.8141592920353983
EICU,MIMIC,24.0,full_reference,retained_reference,mean_retained_measurements,100,4.589493407356003,0.04466179931046993,4.491290770298404,4.659333795975018
EICU,MIMIC,24.0,full_reference,retained_reference,event_rate,100,0.47050659264399736,1.1158161231197418e-16,0.47050659264399725,0.47050659264399725
EICU,MIMIC,24.0,full_reference,retained_reference,oe,100,0.9936864098810975,0.0,0.9936864098810975,0.9936864098810975
EICU,MIMIC,24.0,full_reference,retained_reference,brier,100,0.18553140001521803,2.7895403077993544e-17,0.18553140001521806,0.18553140001521806
EICU,MIMIC,24.0,full_reference,retained_reference,auc,100,0.7951340965061838,1.1158161231197418e-16,0.7951340965061837,0.7951340965061837
EICU,MIMIC,24.0,full_reference,retained_reference,calibration_intercept,100,-0.022589334736231145,3.486925384749193e-18,-0.02258933473623114,-0.02258933473623114
EICU,MIMIC,24.0,full_reference,retained_reference,calibration_slope,100,0.926677582194532,1.1158161231197418e-16,0.9266775821945321,0.9266775821945321
EICU,MIMIC,24.0,local_recalibration,reconstructed_observed,outcome_observed_fraction,100,0.8559472588480221,0.008517668481779258,0.8365197779319917,0.8719812630117973
EICU,MIMIC,24.0,local_recalibration,reconstructed_observed,reconstructed_sensitivity,100,0.7855162241887905,0.014278688471868065,0.7617625368731563,0.8141592920353983
EICU,MIMIC,24.0,local_recalibration,reconstructed_observed,mean_retained_measurements,100,4.589493407356003,0.04466179931046993,4.491290770298404,4.659333795975018
EICU,MIMIC,24.0,local_recalibration,reconstructed_observed,event_rate,100,0.43179593548052636,0.006866316861432137,0.4206094627105052,0.44669989089570683
EICU,MIMIC,24.0,local_recalibration,reconstructed_observed,oe,100,0.9998109743972969,0.0018031459263818943,0.9966130787629782,1.0036764963529963
EICU,MIMIC,24.0,local_recalibration,reconstructed_observed,brier,100,0.18338217380837749,0.00292623009402557,0.17725413967964115,0.1883521456168572
EICU,MIMIC,24.0,local_recalibration,reconstructed_observed,auc,100,0.7977953056690693,0.0066077977420011,0.7866431583280216,0.8115690363644608
EICU,MIMIC,24.0,local_recalibration,reconstructed_observed,calibration_intercept,100,-0.0035418529117878126,0.005499498283109602,-0.018384294860772366,0.003520821775319356
EICU,MIMIC,24.0,local_recalibration,reconstructed_observed,calibration_slope,100,0.9855195175954364,0.015072326993860661,0.9434492206557664,1.0013612391944047
EICU,MIMIC,24.0,local_recalibration,retained_reference,outcome_observed_fraction,100,0.8559472588480221,0.008517668481779258,0.8365197779319917,0.8719812630117973
EICU,MIMIC,24.0,local_recalibration,retained_reference,reconstructed_sensitivity,100,0.7855162241887905,0.014278688471868065,0.7617625368731563,0.8141592920353983
EICU,MIMIC,24.0,local_recalibration,retained_reference,mean_retained_measurements,100,4.589493407356003,0.04466179931046993,4.491290770298404,4.659333795975018
EICU,MIMIC,24.0,local_recalibration,retained_reference,event_rate,100,0.47050659264399736,1.1158161231197418e-16,0.47050659264399725,0.47050659264399725
EICU,MIMIC,24.0,local_recalibration,retained_reference,oe,100,1.0903168160066614,0.01659190596404266,1.0615258299452661,1.1223885135889713
EICU,MIMIC,24.0,local_recalibration,retained_reference,brier,100,0.18928606661128736,0.0011918613360415822,0.18747092039217353,0.19190116983821526
EICU,MIMIC,24.0,local_recalibration,retained_reference,auc,100,0.7936194264991862,0.0019383301434935235,0.7878061003568433,0.7952215675585815
EICU,MIMIC,24.0,local_recalibration,retained_reference,calibration_intercept,100,0.20366652034452412,0.03608420191245177,0.13969651600059377,0.27003849936453145
EICU,MIMIC,24.0,local_recalibration,retained_reference,calibration_slope,100,0.9713272638960626,0.03882061735596779,0.8966355999367563,1.050458621502888
EICU,MIMIC,24.0,naive,reconstructed_observed,outcome_observed_fraction,100,0.8559472588480221,0.008517668481779258,0.8365197779319917,0.8719812630117973
EICU,MIMIC,24.0,naive,reconstructed_observed,reconstructed_sensitivity,100,0.7855162241887905,0.014278688471868065,0.7617625368731563,0.8141592920353983
EICU,MIMIC,24.0,naive,reconstructed_observed,mean_retained_measurements,100,4.589493407356003,0.04466179931046993,4.491290770298404,4.659333795975018
EICU,MIMIC,24.0,naive,reconstructed_observed,event_rate,100,0.43179593548052636,0.006866316861432137,0.4206094627105052,0.44669989089570683
EICU,MIMIC,24.0,naive,reconstructed_observed,oe,100,0.9115190454066241,0.01348575912792719,0.885260111618733,0.9360290467632515
EICU,MIMIC,24.0,naive,reconstructed_observed,brier,100,0.18324825382744062,0.002932673074456493,0.1772856053994539,0.1884820855376156
EICU,MIMIC,24.0,naive,reconstructed_observed,auc,100,0.7994795528773427,0.006426912732043373,0.7880222331049508,0.8127437749620847
EICU,MIMIC,24.0,naive,reconstructed_observed,calibration_intercept,100,-0.23340999776717475,0.035363533399005914,-0.30202568762237986,-0.16894501922355404
EICU,MIMIC,24.0,naive,reconstructed_observed,calibration_slope,100,0.9429844192228767,0.033844336856233545,0.8796649537868547,1.0089127070442898
MIMIC,EICU,12.0,full_reference,retained_reference,outcome_observed_fraction,100,0.6021164978292329,0.010160920135832176,0.580852026049204,0.6206675108538351
MIMIC,EICU,12.0,full_reference,retained_reference,reconstructed_sensitivity,100,0.5184467265725289,0.013694476349323055,0.4887516046213094,0.5473844672657252
MIMIC,EICU,12.0,full_reference,retained_reference,mean_retained_measurements,100,3.5987228654124452,0.0392288028070576,3.537807525325615,3.6708393632416785
MIMIC,EICU,12.0,full_reference,retained_reference,event_rate,100,0.5636758321273517,1.1158161231197418e-16,0.5636758321273516,0.5636758321273516
MIMIC,EICU,12.0,full_reference,retained_reference,oe,100,1.0237172298447152,4.463264492478967e-16,1.0237172298447148,1.0237172298447148
MIMIC,EICU,12.0,full_reference,retained_reference,brier,100,0.15870058525462424,0.0,0.15870058525462424,0.15870058525462424
MIMIC,EICU,12.0,full_reference,retained_reference,auc,100,0.8462943093688595,0.0,0.8462943093688595,0.8462943093688595
MIMIC,EICU,12.0,full_reference,retained_reference,calibration_intercept,100,0.09133344239208578,2.7895403077993544e-17,0.09133344239208575,0.09133344239208575
MIMIC,EICU,12.0,full_reference,retained_reference,calibration_slope,100,0.9137304596515619,1.1158161231197418e-16,0.9137304596515617,0.9137304596515617
MIMIC,EICU,12.0,local_recalibration,reconstructed_observed,outcome_observed_fraction,100,0.6021164978292329,0.010160920135832176,0.580852026049204,0.6206675108538351
MIMIC,EICU,12.0,local_recalibration,reconstructed_observed,reconstructed_sensitivity,100,0.5184467265725289,0.013694476349323055,0.4887516046213094,0.5473844672657252
MIMIC,EICU,12.0,local_recalibration,reconstructed_observed,mean_retained_measurements,100,3.5987228654124452,0.0392288028070576,3.537807525325615,3.6708393632416785
MIMIC,EICU,12.0,local_recalibration,reconstructed_observed,event_rate,100,0.4853184586063224,0.008293348790191116,0.4685091653608382,0.5022528581457153
MIMIC,EICU,12.0,local_recalibration,reconstructed_observed,oe,100,1.0000542437168713,0.0010811087394250903,0.9982319533501952,1.0019597124187785
MIMIC,EICU,12.0,local_recalibration,reconstructed_observed,brier,100,0.15311689243856783,0.0034191773868829443,0.14723496725188207,0.1600595194667795
MIMIC,EICU,12.0,local_recalibration,reconstructed_observed,auc,100,0.857620825946611,0.006030539249465061,0.8452491232870242,0.8695466553271317
MIMIC,EICU,12.0,local_recalibration,reconstructed_observed,calibration_intercept,100,-0.0004499496703729945,0.0032436649594775008,-0.006920847192976161,0.005521900227275532
MIMIC,EICU,12.0,local_recalibration,reconstructed_observed,calibration_slope,100,0.9913081974713019,0.010144354555281863,0.965613330293103,0.9998142129206291
MIMIC,EICU,12.0,local_recalibration,retained_reference,outcome_observed_fraction,100,0.6021164978292329,0.010160920135832176,0.580852026049204,0.6206675108538351
MIMIC,EICU,12.0,local_recalibration,retained_reference,reconstructed_sensitivity,100,0.5184467265725289,0.013694476349323055,0.4887516046213094,0.5473844672657252
MIMIC,EICU,12.0,local_recalibration,retained_reference,mean_retained_measurements,100,3.5987228654124452,0.0392288028070576,3.537807525325615,3.6708393632416785
MIMIC,EICU,12.0,local_recalibration,retained_reference,event_rate,100,0.5636758321273517,1.1158161231197418e-16,0.5636758321273516,0.5636758321273516
MIMIC,EICU,12.0,local_recalibration,retained_reference,oe,100,1.156949625802149,0.015832778910625074,1.1286738842389747,1.1861351603245947
MIMIC,EICU,12.0,local_recalibration,retained_reference,brier,100,0.1658045242409634,0.0012845126977251878,0.1636657243726578,0.16823374741048097
MIMIC,EICU,12.0,local_recalibration,retained_reference,auc,100,0.845698199205087,0.0007103953508665882,0.8441939718395612,0.8463604634082476
MIMIC,EICU,12.0,local_recalibration,retained_reference,calibration_intercept,100,0.47355813391022783,0.0406049861208828,0.398509081302398,0.5476830850315905
MIMIC,EICU,12.0,local_recalibration,retained_reference,calibration_slope,100,0.9334752191470631,0.0326426617389412,0.8683032491330474,1.0022824681955378
MIMIC,EICU,12.0,naive,reconstructed_observed,outcome_observed_fraction,100,0.6021164978292329,0.010160920135832176,0.580852026049204,0.6206675108538351
MIMIC,EICU,12.0,naive,reconstructed_observed,reconstructed_sensitivity,100,0.5184467265725289,0.013694476349323055,0.4887516046213094,0.5473844672657252
MIMIC,EICU,12.0,naive,reconstructed_observed,mean_retained_measurements,100,3.5987228654124452,0.0392288028070576,3.537807525325615,3.6708393632416785
MIMIC,EICU,12.0,naive,reconstructed_observed,event_rate,100,0.4853184586063224,0.008293348790191116,0.4685091653608382,0.5022528581457153
MIMIC,EICU,12.0,naive,reconstructed_observed,oe,100,0.8847448475787152,0.012094227472872842,0.8615724795186601,0.904631646851508
MIMIC,EICU,12.0,naive,reconstructed_observed,brier,100,0.15793139801363176,0.0032591018059057986,0.15152298485606505,0.164108802893624
MIMIC,EICU,12.0,naive,reconstructed_observed,auc,100,0.8585863874408928,0.00573165204678233,0.847868503535874,0.8702451366267577
MIMIC,EICU,12.0,naive,reconstructed_observed,calibration_intercept,100,-0.4095230265758736,0.046441291494108736,-0.4900991081403168,-0.322831052110664
MIMIC,EICU,12.0,naive,reconstructed_observed,calibration_slope,100,0.9739788372839844,0.03383348151270597,0.9092445156462647,1.047306998615236
MIMIC,EICU,24.0,full_reference,retained_reference,outcome_observed_fraction,100,0.6165520984081042,0.00970079527112651,0.5990774240231548,0.6387572358900145
MIMIC,EICU,24.0,full_reference,retained_reference,reconstructed_sensitivity,100,0.5309563543003852,0.011687154433917615,0.5086489088575096,0.55198973042362
MIMIC,EICU,24.0,full_reference,retained_reference,mean_retained_measurements,100,3.6915376266280755,0.04214014080798913,3.6237608538350217,3.780472141823444
MIMIC,EICU,24.0,full_reference,retained_reference,event_rate,100,0.5636758321273517,1.1158161231197418e-16,0.5636758321273516,0.5636758321273516
MIMIC,EICU,24.0,full_reference,retained_reference,oe,100,1.0237172298447152,4.463264492478967e-16,1.0237172298447148,1.0237172298447148
MIMIC,EICU,24.0,full_reference,retained_reference,brier,100,0.15870058525462424,0.0,0.15870058525462424,0.15870058525462424
MIMIC,EICU,24.0,full_reference,retained_reference,auc,100,0.8462943093688595,0.0,0.8462943093688595,0.8462943093688595
MIMIC,EICU,24.0,full_reference,retained_reference,calibration_intercept,100,0.09133344239208578,2.7895403077993544e-17,0.09133344239208575,0.09133344239208575
MIMIC,EICU,24.0,full_reference,retained_reference,calibration_slope,100,0.9137304596515619,1.1158161231197418e-16,0.9137304596515617,0.9137304596515617
MIMIC,EICU,24.0,local_recalibration,reconstructed_observed,outcome_observed_fraction,100,0.6165520984081042,0.00970079527112651,0.5990774240231548,0.6387572358900145
MIMIC,EICU,24.0,local_recalibration,reconstructed_observed,reconstructed_sensitivity,100,0.5309563543003852,0.011687154433917615,0.5086489088575096,0.55198973042362
MIMIC,EICU,24.0,local_recalibration,reconstructed_observed,mean_retained_measurements,100,3.6915376266280755,0.04214014080798913,3.6237608538350217,3.780472141823444
MIMIC,EICU,24.0,local_recalibration,reconstructed_observed,event_rate,100,0.48542978349486177,0.00804486664087131,0.4707073998938118,0.5016940230834952
MIMIC,EICU,24.0,local_recalibration,reconstructed_observed,oe,100,0.99965917820905,0.001522986518886202,0.9962987919080257,1.0032486551181574
MIMIC,EICU,24.0,local_recalibration,reconstructed_observed,brier,100,0.15334571248470832,0.0035844681354937303,0.14694493634099942,0.16032722796715979
MIMIC,EICU,24.0,local_recalibration,reconstructed_observed,auc,100,0.8573475790970976,0.006457852014913721,0.8448383742016339,0.8689147795889526
MIMIC,EICU,24.0,local_recalibration,reconstructed_observed,calibration_intercept,100,-0.0017630578158299556,0.0048054500858353815,-0.013414345881636347,0.007503594914481925
MIMIC,EICU,24.0,local_recalibration,reconstructed_observed,calibration_slope,100,0.9906605950817596,0.010768801668898776,0.961214168392895,1.0003899598664263
MIMIC,EICU,24.0,local_recalibration,retained_reference,outcome_observed_fraction,100,0.6165520984081042,0.00970079527112651,0.5990774240231548,0.6387572358900145
MIMIC,EICU,24.0,local_recalibration,retained_reference,reconstructed_sensitivity,100,0.5309563543003852,0.011687154433917615,0.5086489088575096,0.55198973042362
MIMIC,EICU,24.0,local_recalibration,retained_reference,mean_retained_measurements,100,3.6915376266280755,0.04214014080798913,3.6237608538350217,3.780472141823444
MIMIC,EICU,24.0,local_recalibration,retained_reference,event_rate,100,0.5636758321273517,1.1158161231197418e-16,0.5636758321273516,0.5636758321273516
MIMIC,EICU,24.0,local_recalibration,retained_reference,oe,100,1.159417607253478,0.01567282149632316,1.130516819568745,1.1911087363496429
MIMIC,EICU,24.0,local_recalibration,retained_reference,brier,100,0.16606648245190192,0.0012867202859362379,0.16358139403730587,0.16865179977406625
MIMIC,EICU,24.0,local_recalibration,retained_reference,auc,100,0.8455694037301724,0.0008074860463918976,0.8432949714414663,0.8463858233437009
MIMIC,EICU,24.0,local_recalibration,retained_reference,calibration_intercept,100,0.4795086129584418,0.04012204329611331,0.40432851153485805,0.5640554718260968
MIMIC,EICU,24.0,local_recalibration,retained_reference,calibration_slope,100,0.9325129915349656,0.03482683332463228,0.8616079426130796,0.9968665469519549
MIMIC,EICU,24.0,naive,reconstructed_observed,outcome_observed_fraction,100,0.6165520984081042,0.00970079527112651,0.5990774240231548,0.6387572358900145
MIMIC,EICU,24.0,naive,reconstructed_observed,reconstructed_sensitivity,100,0.5309563543003852,0.011687154433917615,0.5086489088575096,0.55198973042362
MIMIC,EICU,24.0,naive,reconstructed_observed,mean_retained_measurements,100,3.6915376266280755,0.04214014080798913,3.6237608538350217,3.780472141823444
MIMIC,EICU,24.0,naive,reconstructed_observed,event_rate,100,0.48542978349486177,0.00804486664087131,0.4707073998938118,0.5016940230834952
MIMIC,EICU,24.0,naive,reconstructed_observed,oe,100,0.8827495684079044,0.012238924336895584,0.8605887667572057,0.9065609758262064
MIMIC,EICU,24.0,naive,reconstructed_observed,brier,100,0.15829703463130435,0.0036298033583735175,0.15200442605914713,0.16560361014480013
MIMIC,EICU,24.0,naive,reconstructed_observed,auc,100,0.858362870231267,0.006162586137098951,0.8458614427012291,0.8705736176776843
MIMIC,EICU,24.0,naive,reconstructed_observed,calibration_intercept,100,-0.4171919823862536,0.04606662446307615,-0.5072548512242838,-0.3275850557935948
MIMIC,EICU,24.0,naive,reconstructed_observed,calibration_slope,100,0.9740586535331451,0.036620572023915166,0.9085139951277538,1.055153171677354
MIMIC,MIMIC,12.0,full_reference,retained_reference,outcome_observed_fraction,100,0.8398335745296671,0.006463288529950284,0.8281476121562952,0.8511306078147612
MIMIC,MIMIC,12.0,full_reference,retained_reference,reconstructed_sensitivity,100,0.7648010269576379,0.009048788122647197,0.7486360718870347,0.783183568677792
MIMIC,MIMIC,12.0,full_reference,retained_reference,mean_retained_measurements,100,5.364446454413893,0.03839373787064723,5.289779305354559,5.424719609261939
MIMIC,MIMIC,12.0,full_reference,retained_reference,event_rate,100,0.5636758321273517,1.1158161231197418e-16,0.5636758321273516,0.5636758321273516
MIMIC,MIMIC,12.0,full_reference,retained_reference,oe,100,1.0237172298447152,4.463264492478967e-16,1.0237172298447148,1.0237172298447148
MIMIC,MIMIC,12.0,full_reference,retained_reference,brier,100,0.15870058525462424,0.0,0.15870058525462424,0.15870058525462424
MIMIC,MIMIC,12.0,full_reference,retained_reference,auc,100,0.8462943093688595,0.0,0.8462943093688595,0.8462943093688595
MIMIC,MIMIC,12.0,full_reference,retained_reference,calibration_intercept,100,0.09133344239208578,2.7895403077993544e-17,0.09133344239208575,0.09133344239208575
MIMIC,MIMIC,12.0,full_reference,retained_reference,calibration_slope,100,0.9137304596515619,1.1158161231197418e-16,0.9137304596515617,0.9137304596515617
MIMIC,MIMIC,12.0,local_recalibration,reconstructed_observed,outcome_observed_fraction,100,0.8398335745296671,0.006463288529950284,0.8281476121562952,0.8511306078147612
MIMIC,MIMIC,12.0,local_recalibration,reconstructed_observed,reconstructed_sensitivity,100,0.7648010269576379,0.009048788122647197,0.7486360718870347,0.783183568677792
MIMIC,MIMIC,12.0,local_recalibration,reconstructed_observed,mean_retained_measurements,100,5.364446454413893,0.03839373787064723,5.289779305354559,5.424719609261939
MIMIC,MIMIC,12.0,local_recalibration,reconstructed_observed,event_rate,100,0.5133163621234652,0.004675464244792062,0.5051160298788059,0.5232906220671129
MIMIC,MIMIC,12.0,local_recalibration,reconstructed_observed,oe,100,1.0000727025098528,0.0008228277318090305,0.9985425344330267,1.0018005043066676
MIMIC,MIMIC,12.0,local_recalibration,reconstructed_observed,brier,100,0.15457146344145786,0.002202987471735681,0.15089449504065608,0.15880917772314862
MIMIC,MIMIC,12.0,local_recalibration,reconstructed_observed,auc,100,0.8556777558374542,0.003970904820866898,0.8478565708282514,0.8622424314678628
MIMIC,MIMIC,12.0,local_recalibration,reconstructed_observed,calibration_intercept,100,0.00033152428487042947,0.0027739313466499274,-0.004729895745199412,0.00620386855196228
MIMIC,MIMIC,12.0,local_recalibration,reconstructed_observed,calibration_slope,100,0.9930779814575108,0.007613704565400848,0.9750049223443391,1.0007031106051136
MIMIC,MIMIC,12.0,local_recalibration,retained_reference,outcome_observed_fraction,100,0.8398335745296671,0.006463288529950284,0.8281476121562952,0.8511306078147612
MIMIC,MIMIC,12.0,local_recalibration,retained_reference,reconstructed_sensitivity,100,0.7648010269576379,0.009048788122647197,0.7486360718870347,0.783183568677792
MIMIC,MIMIC,12.0,local_recalibration,retained_reference,mean_retained_measurements,100,5.364446454413893,0.03839373787064723,5.289779305354559,5.424719609261939
MIMIC,MIMIC,12.0,local_recalibration,retained_reference,event_rate,100,0.5636758321273517,1.1158161231197418e-16,0.5636758321273516,0.5636758321273516
MIMIC,MIMIC,12.0,local_recalibration,retained_reference,oe,100,1.097613799584097,0.009616220811660981,1.0759283690646695,1.1150732963184824
MIMIC,MIMIC,12.0,local_recalibration,retained_reference,brier,100,0.1617357005885783,0.0007038478654755911,0.16040522806415347,0.16325591760180638
MIMIC,MIMIC,12.0,local_recalibration,retained_reference,auc,100,0.8456608165845994,0.000804858922005963,0.8435840826888237,0.84634727783845
MIMIC,MIMIC,12.0,local_recalibration,retained_reference,calibration_intercept,100,0.31352938897497595,0.027544732958765427,0.2506756159111068,0.36344741443841705
MIMIC,MIMIC,12.0,local_recalibration,retained_reference,calibration_slope,100,0.941668068895934,0.023359131784517862,0.9041958894597215,0.980255275531171
MIMIC,MIMIC,12.0,naive,reconstructed_observed,outcome_observed_fraction,100,0.8398335745296671,0.006463288529950284,0.8281476121562952,0.8511306078147612
MIMIC,MIMIC,12.0,naive,reconstructed_observed,reconstructed_sensitivity,100,0.7648010269576379,0.009048788122647197,0.7486360718870347,0.783183568677792
MIMIC,MIMIC,12.0,naive,reconstructed_observed,mean_retained_measurements,100,5.364446454413893,0.03839373787064723,5.289779305354559,5.424719609261939
MIMIC,MIMIC,12.0,naive,reconstructed_observed,event_rate,100,0.5133163621234652,0.004675464244792062,0.5051160298788059,0.5232906220671129
MIMIC,MIMIC,12.0,naive,reconstructed_observed,oe,100,0.9327985945116072,0.008233307689573336,0.9185899356972548,0.9515874935381518
MIMIC,MIMIC,12.0,naive,reconstructed_observed,brier,100,0.15595013164145352,0.0021563833465969686,0.15234917370569528,0.16011048802358158
MIMIC,MIMIC,12.0,naive,reconstructed_observed,auc,100,0.856452962372378,0.003948009923111789,0.8495867393850861,0.8624847721815189
MIMIC,MIMIC,12.0,naive,reconstructed_observed,calibration_intercept,100,-0.2359157002898649,0.03151444496524358,-0.29412020290759533,-0.16519488683488445
MIMIC,MIMIC,12.0,naive,reconstructed_observed,calibration_slope,100,0.9649414288878346,0.021581590648367354,0.926299339423377,1.0014583961314953
MIMIC,MIMIC,24.0,full_reference,retained_reference,outcome_observed_fraction,100,0.8548227206946456,0.006428902455569193,0.8409641823444284,0.8675832127351665
MIMIC,MIMIC,24.0,full_reference,retained_reference,reconstructed_sensitivity,100,0.7796790757381258,0.00907968493911228,0.7647464698331193,0.799165596919127
MIMIC,MIMIC,24.0,full_reference,retained_reference,mean_retained_measurements,100,5.527767727930536,0.03861971533660058,5.448625180897251,5.5887120115774245
MIMIC,MIMIC,24.0,full_reference,retained_reference,event_rate,100,0.5636758321273517,1.1158161231197418e-16,0.5636758321273516,0.5636758321273516
MIMIC,MIMIC,24.0,full_reference,retained_reference,oe,100,1.0237172298447152,4.463264492478967e-16,1.0237172298447148,1.0237172298447148
MIMIC,MIMIC,24.0,full_reference,retained_reference,brier,100,0.15870058525462424,0.0,0.15870058525462424,0.15870058525462424
MIMIC,MIMIC,24.0,full_reference,retained_reference,auc,100,0.8462943093688595,0.0,0.8462943093688595,0.8462943093688595
MIMIC,MIMIC,24.0,full_reference,retained_reference,calibration_intercept,100,0.09133344239208578,2.7895403077993544e-17,0.09133344239208575,0.09133344239208575
MIMIC,MIMIC,24.0,full_reference,retained_reference,calibration_slope,100,0.9137304596515619,1.1158161231197418e-16,0.9137304596515617,0.9137304596515617
MIMIC,MIMIC,24.0,local_recalibration,reconstructed_observed,outcome_observed_fraction,100,0.8548227206946456,0.006428902455569193,0.8409641823444284,0.8675832127351665
MIMIC,MIMIC,24.0,local_recalibration,reconstructed_observed,reconstructed_sensitivity,100,0.7796790757381258,0.00907968493911228,0.7647464698331193,0.799165596919127
MIMIC,MIMIC,24.0,local_recalibration,reconstructed_observed,mean_retained_measurements,100,5.527767727930536,0.03861971533660058,5.448625180897251,5.5887120115774245
MIMIC,MIMIC,24.0,local_recalibration,reconstructed_observed,event_rate,100,0.5141235615554651,0.004322208524289817,0.5070689785905441,0.5223297847679867
MIMIC,MIMIC,24.0,local_recalibration,reconstructed_observed,oe,100,0.9999127260601878,0.000952292377100116,0.998187061331649,1.0023493284829281
MIMIC,MIMIC,24.0,local_recalibration,reconstructed_observed,brier,100,0.15496749903721066,0.0023904057311141666,0.15114176254438227,0.16004684336193734
MIMIC,MIMIC,24.0,local_recalibration,reconstructed_observed,auc,100,0.8549193483201334,0.004277510913434417,0.8456534309110297,0.8616388446684673
MIMIC,MIMIC,24.0,local_recalibration,reconstructed_observed,calibration_intercept,100,-0.0001623505633487478,0.003174776748921854,-0.006102900926208442,0.008066154069040873
MIMIC,MIMIC,24.0,local_recalibration,reconstructed_observed,calibration_slope,100,0.991673659308249,0.009609810230666604,0.9637567458802936,1.0005920459778126
MIMIC,MIMIC,24.0,local_recalibration,retained_reference,outcome_observed_fraction,100,0.8548227206946456,0.006428902455569193,0.8409641823444284,0.8675832127351665
MIMIC,MIMIC,24.0,local_recalibration,retained_reference,reconstructed_sensitivity,100,0.7796790757381258,0.00907968493911228,0.7647464698331193,0.799165596919127
MIMIC,MIMIC,24.0,local_recalibration,retained_reference,mean_retained_measurements,100,5.527767727930536,0.03861971533660058,5.448625180897251,5.5887120115774245
MIMIC,MIMIC,24.0,local_recalibration,retained_reference,event_rate,100,0.5636758321273517,1.1158161231197418e-16,0.5636758321273516,0.5636758321273516
MIMIC,MIMIC,24.0,local_recalibration,retained_reference,oe,100,1.0946935267002296,0.007760947946670515,1.0810943046559904,1.1090978816279398
MIMIC,MIMIC,24.0,local_recalibration,retained_reference,brier,100,0.16162712087284248,0.0005296828081419513,0.16072571832734375,0.16274178195188962
MIMIC,MIMIC,24.0,local_recalibration,retained_reference,auc,100,0.8455149051490516,0.0007978200083593507,0.8435056478412387,0.84627840951426
MIMIC,MIMIC,24.0,local_recalibration,retained_reference,calibration_intercept,100,0.30520820044818775,0.02237375080449795,0.2660067663614004,0.3457818283265745
MIMIC,MIMIC,24.0,local_recalibration,retained_reference,calibration_slope,100,0.9424616066273117,0.02269568793979147,0.9048479092193297,0.9930484856213969
MIMIC,MIMIC,24.0,naive,reconstructed_observed,outcome_observed_fraction,100,0.8548227206946456,0.006428902455569193,0.8409641823444284,0.8675832127351665
MIMIC,MIMIC,24.0,naive,reconstructed_observed,reconstructed_sensitivity,100,0.7796790757381258,0.00907968493911228,0.7647464698331193,0.799165596919127
MIMIC,MIMIC,24.0,naive,reconstructed_observed,mean_retained_measurements,100,5.527767727930536,0.03861971533660058,5.448625180897251,5.5887120115774245
MIMIC,MIMIC,24.0,naive,reconstructed_observed,event_rate,100,0.5141235615554651,0.004322208524289817,0.5070689785905441,0.5223297847679867
MIMIC,MIMIC,24.0,naive,reconstructed_observed,oe,100,0.9350198233911418,0.006488456492301135,0.9238505495139,0.9469708618830698
MIMIC,MIMIC,24.0,naive,reconstructed_observed,brier,100,0.1561591972741206,0.002353550352351344,0.15209937903231618,0.1608830809414342
MIMIC,MIMIC,24.0,naive,reconstructed_observed,auc,100,0.8558082101595119,0.004072629282787258,0.84702984414742,0.8624370706183407
MIMIC,MIMIC,24.0,naive,reconstructed_observed,calibration_intercept,100,-0.22695570203121931,0.023442347742913306,-0.2662182285040009,-0.18446167317056575
MIMIC,MIMIC,24.0,naive,reconstructed_observed,calibration_slope,100,0.9626067417948895,0.02221788805021177,0.9146559081529655,0.9988993637947141
