database,retention_target,mechanism,strength,method,evaluation_target,metric,n_replicates,mean,sd,q025,q975,truth,bias,rmse
INSPIRE,0.35,mixed_MNAR,strong,AIPW_design_probability,reconstructed,event_rate,300,0.0727509364684347,0.0056383873125884,0.0614477805303089,0.084129101277817,0.0823389021479713,-0.0095879656795366,0.0111182069591777
INSPIRE,0.35,mixed_MNAR,strong,AIPW_design_probability,reconstructed,oe,300,1.5887937590996686,0.1231356599445851,1.3419463027728833,1.8372793197906647,1.7981835040786758,-0.2093897449790072,0.2428083910202902
INSPIRE,0.35,mixed_MNAR,strong,AIPW_design_probability,reconstructed,reconstructed_sensitivity,300,0.6419082125603864,0.0328559464614746,0.5797101449275363,0.7028985507246377,,,
INSPIRE,0.35,mixed_MNAR,strong,AIPW_design_probability,reconstructed,event_rate_interval_coverage,300,0.86,,,,,,
INSPIRE,0.35,mixed_MNAR,strong,Gamma2_prediction_sensitivity_region,full,event_rate,300,0.0878378015236785,0.0026879474853317,0.0826166881010994,0.0931765624261394,0.0823389021479713,0.0054988993757072,0.0061187312810016
INSPIRE,0.35,mixed_MNAR,strong,Gamma2_prediction_sensitivity_region,full,reconstructed_sensitivity,300,0.6419082125603864,0.0328559464614746,0.5797101449275363,0.7028985507246377,,,
INSPIRE,0.35,mixed_MNAR,strong,Gamma2_prediction_sensitivity_region,full,MNAR_event_rate_coverage,300,1.0,,,,,,
INSPIRE,0.35,mixed_MNAR,strong,IPAW_design_probability_truncated99,reconstructed,event_rate,300,0.0770401927167289,0.0084160526869694,0.061184332627218,0.0942253537888637,0.0823389021479713,-0.0052987094312424,0.009933285692919
INSPIRE,0.35,mixed_MNAR,strong,IPAW_design_probability_truncated99,reconstructed,oe,300,1.62112511842602,0.1390668628578683,1.348286429135992,1.900105423523841,1.7981835040786758,-0.1770583856526557,0.2249995532600823
INSPIRE,0.35,mixed_MNAR,strong,IPAW_design_probability_truncated99,reconstructed,reconstructed_sensitivity,300,0.6419082125603864,0.0328559464614746,0.5797101449275363,0.7028985507246377,,,
INSPIRE,0.35,mixed_MNAR,strong,IPAW_design_probability_truncated99,reconstructed,event_rate_interval_coverage,300,0.93,,,,,,
INSPIRE,0.35,mixed_MNAR,strong,IPAW_design_probability_untruncated,reconstructed,event_rate,300,0.0732599824210231,0.0082824525924728,0.057760483056815,0.0910299613639055,0.0823389021479713,-0.0090789197269482,0.0122799487357144
INSPIRE,0.35,mixed_MNAR,strong,IPAW_design_probability_untruncated,reconstructed,oe,300,1.590675635870264,0.1367946651247034,1.3233196212406817,1.8736561450829223,1.7981835040786758,-0.2075078682084117,0.2484148140515994
INSPIRE,0.35,mixed_MNAR,strong,IPAW_design_probability_untruncated,reconstructed,reconstructed_sensitivity,300,0.6419082125603864,0.0328559464614746,0.5797101449275363,0.7028985507246377,,,
INSPIRE,0.35,mixed_MNAR,strong,IPAW_design_probability_untruncated,reconstructed,event_rate_interval_coverage,300,0.8733333333333333,,,,,,
INSPIRE,0.35,mixed_MNAR,strong,naive,reconstructed,event_rate,300,0.212901769050805,0.0119079628896717,0.1900062661947262,0.2367980744210251,0.0823389021479713,0.1305628669028337,0.1311029714720516
INSPIRE,0.35,mixed_MNAR,strong,naive,reconstructed,oe,300,3.1444787623076755,0.1764671088907665,2.816121311980571,3.4919115082744976,1.7981835040786758,1.3462952582289998,1.3577730888167905
INSPIRE,0.35,mixed_MNAR,strong,naive,reconstructed,reconstructed_sensitivity,300,0.6419082125603864,0.0328559464614746,0.5797101449275363,0.7028985507246377,,,
INSPIRE,0.35,mixed_MNAR,strong,naive,reconstructed,event_rate_interval_coverage,300,0.0,,,,,,
INSPIRE,0.35,mixed_MNAR,strong,recalibration_intercept_slope_truth,full,event_rate,300,0.0823389021479712,1.3900975439369117e-17,0.0823389021479713,0.0823389021479713,,,
INSPIRE,0.35,mixed_MNAR,strong,recalibration_intercept_slope_truth,full,oe,300,0.4853677405292849,0.041283287561646,0.4162168378608121,0.5759756762107955,1.0,-0.5146322594707151,0.5162799543726814
INSPIRE,0.35,mixed_MNAR,strong,recalibration_intercept_slope_truth,full,reconstructed_sensitivity,300,0.6419082125603864,0.0328559464614746,0.5797101449275363,0.7028985507246377,,,
INSPIRE,0.35,mixed_MNAR,strong,recalibration_intercept_truth,full,event_rate,300,0.0823389021479712,1.3900975439369117e-17,0.0823389021479713,0.0823389021479713,,,
INSPIRE,0.35,mixed_MNAR,strong,recalibration_intercept_truth,full,oe,300,0.5464385208638801,0.0326178244499885,0.4867668122083879,0.612105375259463,1.0,-0.4535614791361199,0.4547289208086019
INSPIRE,0.35,mixed_MNAR,strong,recalibration_intercept_truth,full,reconstructed_sensitivity,300,0.6419082125603864,0.0328559464614746,0.5797101449275363,0.7028985507246377,,,
INSPIRE,0.35,mixed_MNAR,strong,reference_05pct_recalibration,full_heldout,event_rate,300,0.0822675879396984,0.0015449278900361,0.079145728643216,0.0847989949748743,,,
INSPIRE,0.35,mixed_MNAR,strong,reference_05pct_recalibration,full_heldout,oe,300,1.129656251830859,0.525434677791057,0.5521683131486046,2.4663954716590664,1.0,0.129656251830859,0.5403444015275206
INSPIRE,0.35,mixed_MNAR,strong,reference_05pct_recalibration,full_heldout,reconstructed_sensitivity,300,0.6419082125603864,0.0328559464614746,0.5797101449275363,0.7028985507246377,,,
INSPIRE,0.35,mixed_MNAR,strong,reference_10pct_recalibration,full_heldout,event_rate,300,0.0823320070733863,0.0022899795702388,0.0775862068965517,0.0862068965517241,,,
INSPIRE,0.35,mixed_MNAR,strong,reference_10pct_recalibration,full_heldout,oe,300,1.0633182680560105,0.3029858298345194,0.6341406978615513,1.770458225144435,1.0,0.0633182680560104,0.3090365913175819
INSPIRE,0.35,mixed_MNAR,strong,reference_10pct_recalibration,full_heldout,reconstructed_sensitivity,300,0.6419082125603864,0.0328559464614746,0.5797101449275363,0.7028985507246377,,,
INSPIRE,0.35,mixed_MNAR,strong,reference_20pct_recalibration,full_heldout,event_rate,300,0.0823084577114427,0.0034445753298817,0.0746268656716417,0.0880597014925373,,,
INSPIRE,0.35,mixed_MNAR,strong,reference_20pct_recalibration,full_heldout,oe,300,1.028576378822778,0.2089181795537092,0.6909630648353056,1.4817156000082583,1.0,0.0285763788227779,0.2105182315671623
INSPIRE,0.35,mixed_MNAR,strong,reference_20pct_recalibration,full_heldout,reconstructed_sensitivity,300,0.6419082125603864,0.0328559464614746,0.5797101449275363,0.7028985507246377,,,
INSPIRE,0.35,mixed_MNAR,strong,reference_30pct_recalibration,full_heldout,event_rate,300,0.0823870417732309,0.004446261318981,0.0733162830349531,0.0899616368286444,,,
INSPIRE,0.35,mixed_MNAR,strong,reference_30pct_recalibration,full_heldout,oe,300,1.0221002997369912,0.1798265756601496,0.733527666571193,1.3446025881330192,1.0,0.0221002997369912,0.1808818082922516
INSPIRE,0.35,mixed_MNAR,strong,reference_30pct_recalibration,full_heldout,reconstructed_sensitivity,300,0.6419082125603864,0.0328559464614746,0.5797101449275363,0.7028985507246377,,,
INSPIRE,0.55,mixed_MNAR,strong,AIPW_design_probability,reconstructed,event_rate,300,0.0764879436054475,0.003484044726356,0.069224207018435,0.0830493044929206,0.0823389021479713,-0.0058509585425238,0.006806748241958
INSPIRE,0.55,mixed_MNAR,strong,AIPW_design_probability,reconstructed,oe,300,1.670405541781983,0.076087385075247,1.5117741905251312,1.813697844744172,1.7981835040786758,-0.1277779622966928,0.1486512703692503
INSPIRE,0.55,mixed_MNAR,strong,AIPW_design_probability,reconstructed,reconstructed_sensitivity,300,0.8121980676328502,0.0305170620430468,0.7463768115942029,0.8623188405797102,,,
INSPIRE,0.55,mixed_MNAR,strong,AIPW_design_probability,reconstructed,event_rate_interval_coverage,300,0.9733333333333334,,,,,,
INSPIRE,0.55,mixed_MNAR,strong,Gamma2_prediction_sensitivity_region,full,event_rate,300,0.0898637594264369,0.0025093308786713,0.0843454735198947,0.0944355135201339,0.0823389021479713,0.0075248572784655,0.0079309034404495
INSPIRE,0.55,mixed_MNAR,strong,Gamma2_prediction_sensitivity_region,full,reconstructed_sensitivity,300,0.8121980676328502,0.0305170620430468,0.7463768115942029,0.8623188405797102,,,
INSPIRE,0.55,mixed_MNAR,strong,Gamma2_prediction_sensitivity_region,full,MNAR_event_rate_coverage,300,0.9933333333333332,,,,,,
INSPIRE,0.55,mixed_MNAR,strong,IPAW_design_probability_truncated99,reconstructed,event_rate,300,0.0781034860582452,0.0047547724574381,0.0682927348862104,0.0877863655100158,0.0823389021479713,-0.0042354160897261,0.006361701897924
INSPIRE,0.55,mixed_MNAR,strong,IPAW_design_probability_truncated99,reconstructed,oe,300,1.6808688433293606,0.0842691578990694,1.517601459602881,1.847785855305228,1.7981835040786758,-0.1173146607493151,0.1443618704154081
INSPIRE,0.55,mixed_MNAR,strong,IPAW_design_probability_truncated99,reconstructed,reconstructed_sensitivity,300,0.8121980676328502,0.0305170620430468,0.7463768115942029,0.8623188405797102,,,
INSPIRE,0.55,mixed_MNAR,strong,IPAW_design_probability_truncated99,reconstructed,event_rate_interval_coverage,300,0.97,,,,,,
INSPIRE,0.55,mixed_MNAR,strong,IPAW_design_probability_untruncated,reconstructed,event_rate,300,0.0764777275769908,0.004623005674197,0.0668075346514024,0.0863606568926791,0.0823389021479713,-0.0058611745709804,0.0074601815132265
INSPIRE,0.55,mixed_MNAR,strong,IPAW_design_probability_untruncated,reconstructed,oe,300,1.6688179302119015,0.0832556285975849,1.505722786892236,1.833830910098654,1.7981835040786758,-0.129365573866774,0.1537655565986138
INSPIRE,0.55,mixed_MNAR,strong,IPAW_design_probability_untruncated,reconstructed,reconstructed_sensitivity,300,0.8121980676328502,0.0305170620430468,0.7463768115942029,0.8623188405797102,,,
INSPIRE,0.55,mixed_MNAR,strong,IPAW_design_probability_untruncated,reconstructed,event_rate_interval_coverage,300,0.9533333333333334,,,,,,
INSPIRE,0.55,mixed_MNAR,strong,naive,reconstructed,event_rate,300,0.1471057115482291,0.0060985793938358,0.134788838612368,0.1596569327431101,0.0823389021479713,0.0647668094002577,0.0650523504182861
INSPIRE,0.55,mixed_MNAR,strong,naive,reconstructed,oe,300,2.494222535660064,0.1001256739679902,2.285141526292286,2.6881647597196743,1.7981835040786758,0.6960390315813878,0.7031799676495876
INSPIRE,0.55,mixed_MNAR,strong,naive,reconstructed,reconstructed_sensitivity,300,0.8121980676328502,0.0305170620430468,0.7463768115942029,0.8623188405797102,,,
INSPIRE,0.55,mixed_MNAR,strong,naive,reconstructed,event_rate_interval_coverage,300,0.0,,,,,,
INSPIRE,0.55,mixed_MNAR,strong,recalibration_intercept_slope_truth,full,event_rate,300,0.0823389021479712,1.3900975439369117e-17,0.0823389021479713,0.0823389021479713,,,
INSPIRE,0.55,mixed_MNAR,strong,recalibration_intercept_slope_truth,full,oe,300,0.6928501218045406,0.0371213959341194,0.629016008619772,0.7765844636695622,1.0,-0.3071498781954593,0.30937752404594
INSPIRE,0.55,mixed_MNAR,strong,recalibration_intercept_slope_truth,full,reconstructed_sensitivity,300,0.8121980676328502,0.0305170620430468,0.7463768115942029,0.8623188405797102,,,
INSPIRE,0.55,mixed_MNAR,strong,recalibration_intercept_truth,full,event_rate,300,0.0823389021479712,1.3900975439369117e-17,0.0823389021479713,0.0823389021479713,,,
INSPIRE,0.55,mixed_MNAR,strong,recalibration_intercept_truth,full,oe,300,0.7076928032585673,0.0298952055566771,0.6538563269246801,0.7717721422986963,1.0,-0.2923071967414327,0.2938268903698111
INSPIRE,0.55,mixed_MNAR,strong,recalibration_intercept_truth,full,reconstructed_sensitivity,300,0.8121980676328502,0.0305170620430468,0.7463768115942029,0.8623188405797102,,,
INSPIRE,0.55,mixed_MNAR,strong,reference_05pct_recalibration,full_heldout,event_rate,300,0.0823324958123952,0.0015481944101239,0.079145728643216,0.0847989949748743,,,
INSPIRE,0.55,mixed_MNAR,strong,reference_05pct_recalibration,full_heldout,oe,300,1.1907009978795933,0.7727636279477924,0.5466073391296707,2.433124375251643,1.0,0.1907009978795932,0.7946948784632438
INSPIRE,0.55,mixed_MNAR,strong,reference_05pct_recalibration,full_heldout,reconstructed_sensitivity,300,0.8121980676328502,0.0305170620430468,0.7463768115942029,0.8623188405797102,,,
INSPIRE,0.55,mixed_MNAR,strong,reference_10pct_recalibration,full_heldout,event_rate,300,0.0825397877984084,0.0023373658304811,0.0782493368700265,0.0868700265251989,,,
INSPIRE,0.55,mixed_MNAR,strong,reference_10pct_recalibration,full_heldout,oe,300,1.1108147866380214,0.361891612068917,0.6339925936998964,2.037322965946583,1.0,0.1108147866380213,0.377900653647468
INSPIRE,0.55,mixed_MNAR,strong,reference_10pct_recalibration,full_heldout,reconstructed_sensitivity,300,0.8121980676328502,0.0305170620430468,0.7463768115942029,0.8623188405797102,,,
INSPIRE,0.55,mixed_MNAR,strong,reference_20pct_recalibration,full_heldout,event_rate,300,0.08268407960199,0.0035877104091591,0.0757276119402984,0.0902985074626865,,,
INSPIRE,0.55,mixed_MNAR,strong,reference_20pct_recalibration,full_heldout,oe,300,1.059820256154575,0.2480008791904302,0.7064561162087919,1.730556451891552,1.0,0.059820256154575,0.2547113745765874
INSPIRE,0.55,mixed_MNAR,strong,reference_20pct_recalibration,full_heldout,reconstructed_sensitivity,300,0.8121980676328502,0.0305170620430468,0.7463768115942029,0.8623188405797102,,,
INSPIRE,0.55,mixed_MNAR,strong,reference_30pct_recalibration,full_heldout,event_rate,300,0.0827649900539925,0.0043180734574836,0.0750213128729752,0.0920716112531969,,,
INSPIRE,0.55,mixed_MNAR,strong,reference_30pct_recalibration,full_heldout,oe,300,1.038167829931445,0.1869558425294581,0.7778898621738295,1.4974561440966092,1.0,0.0381678299314449,0.1905065930811554
INSPIRE,0.55,mixed_MNAR,strong,reference_30pct_recalibration,full_heldout,reconstructed_sensitivity,300,0.8121980676328502,0.0305170620430468,0.7463768115942029,0.8623188405797102,,,
INSPIRE,0.75,mixed_MNAR,strong,AIPW_design_probability,reconstructed,event_rate,300,0.0799116108617127,0.0020332371560095,0.0760920520880428,0.0838342758652348,0.0823389021479713,-0.0024272912862586,0.0031641770088207
INSPIRE,0.75,mixed_MNAR,strong,AIPW_design_probability,reconstructed,oe,300,1.745174354859023,0.0444034765880861,1.6617597428044546,1.830840684107428,1.7981835040786758,-0.0530091492196527,0.0691018552933981
INSPIRE,0.75,mixed_MNAR,strong,AIPW_design_probability,reconstructed,reconstructed_sensitivity,300,0.9212077294685992,0.0218205166585332,0.8802536231884058,0.9637681159420288,,,
INSPIRE,0.75,mixed_MNAR,strong,AIPW_design_probability,reconstructed,event_rate_interval_coverage,300,1.0,,,,,,
INSPIRE,0.75,mixed_MNAR,strong,Gamma2_prediction_sensitivity_region,full,event_rate,300,0.0879625089098798,0.0017715331196222,0.084535099016183,0.0913496797231762,0.0823389021479713,0.0056236067619084,0.0058951523735909
INSPIRE,0.75,mixed_MNAR,strong,Gamma2_prediction_sensitivity_region,full,reconstructed_sensitivity,300,0.9212077294685992,0.0218205166585332,0.8802536231884058,0.9637681159420288,,,
INSPIRE,0.75,mixed_MNAR,strong,Gamma2_prediction_sensitivity_region,full,MNAR_event_rate_coverage,300,0.8,,,,,,
INSPIRE,0.75,mixed_MNAR,strong,IPAW_design_probability_truncated99,reconstructed,event_rate,300,0.0803429822564872,0.0023910136430107,0.075647987108053,0.0849479348008282,0.0823389021479713,-0.0019959198914841,0.0031115247013024
INSPIRE,0.75,mixed_MNAR,strong,IPAW_design_probability_truncated99,reconstructed,oe,300,1.7476150412337137,0.0467118795363923,1.6536353197738225,1.8417241004328169,1.7981835040786758,-0.0505684628449623,0.0687887766428893
INSPIRE,0.75,mixed_MNAR,strong,IPAW_design_probability_truncated99,reconstructed,reconstructed_sensitivity,300,0.9212077294685992,0.0218205166585332,0.8802536231884058,0.9637681159420288,,,
INSPIRE,0.75,mixed_MNAR,strong,IPAW_design_probability_truncated99,reconstructed,event_rate_interval_coverage,300,1.0,,,,,,
INSPIRE,0.75,mixed_MNAR,strong,IPAW_design_probability_untruncated,reconstructed,event_rate,300,0.0798271762929416,0.0023965331510635,0.0751465444250189,0.0845949674111523,0.0823389021479713,-0.0025117258550297,0.0034688605253729
INSPIRE,0.75,mixed_MNAR,strong,IPAW_design_probability_untruncated,reconstructed,oe,300,1.7441013848580922,0.0467221644762898,1.6506285779261154,1.8374212674253496,1.7981835040786758,-0.0540821192205835,0.0714182031223675
INSPIRE,0.75,mixed_MNAR,strong,IPAW_design_probability_untruncated,reconstructed,reconstructed_sensitivity,300,0.9212077294685992,0.0218205166585332,0.8802536231884058,0.9637681159420288,,,
INSPIRE,0.75,mixed_MNAR,strong,IPAW_design_probability_untruncated,reconstructed,event_rate_interval_coverage,300,1.0,,,,,,
INSPIRE,0.75,mixed_MNAR,strong,naive,reconstructed,event_rate,300,0.1108766723495436,0.0027138411960318,0.1053929156802039,0.1158854562927962,0.0823389021479713,0.0285377702015723,0.0286660899380244
INSPIRE,0.75,mixed_MNAR,strong,naive,reconstructed,oe,300,2.11741742312145,0.0514679814110707,2.0159467185687427,2.213232569963369,1.7981835040786758,0.3192339190427742,0.323342571175274
INSPIRE,0.75,mixed_MNAR,strong,naive,reconstructed,reconstructed_sensitivity,300,0.9212077294685992,0.0218205166585332,0.8802536231884058,0.9637681159420288,,,
INSPIRE,0.75,mixed_MNAR,strong,naive,reconstructed,event_rate_interval_coverage,300,0.0,,,,,,
INSPIRE,0.75,mixed_MNAR,strong,recalibration_intercept_slope_truth,full,event_rate,300,0.0823389021479712,1.3900975439369117e-17,0.0823389021479713,0.0823389021479713,,,
INSPIRE,0.75,mixed_MNAR,strong,recalibration_intercept_slope_truth,full,oe,300,0.8543166106304064,0.0234605010598046,0.8124769012960433,0.9007605468578456,1.0,-0.1456833893695935,0.1475540931246
INSPIRE,0.75,mixed_MNAR,strong,recalibration_intercept_slope_truth,full,reconstructed_sensitivity,300,0.9212077294685992,0.0218205166585332,0.8802536231884058,0.9637681159420288,,,
INSPIRE,0.75,mixed_MNAR,strong,recalibration_intercept_truth,full,event_rate,300,0.0823389021479712,1.3900975439369117e-17,0.0823389021479713,0.0823389021479713,,,
INSPIRE,0.75,mixed_MNAR,strong,recalibration_intercept_truth,full,oe,300,0.8431310930271445,0.0212272872140305,0.805714294783212,0.8872363526121081,1.0,-0.1568689069728555,0.1582938713435145
INSPIRE,0.75,mixed_MNAR,strong,recalibration_intercept_truth,full,reconstructed_sensitivity,300,0.9212077294685992,0.0218205166585332,0.8802536231884058,0.9637681159420288,,,
INSPIRE,0.75,mixed_MNAR,strong,reference_05pct_recalibration,full_heldout,event_rate,300,0.0823848408710217,0.001489660926779,0.0797738693467336,0.0854271356783919,,,
INSPIRE,0.75,mixed_MNAR,strong,reference_05pct_recalibration,full_heldout,oe,300,1.2021756718786714,0.6954636665539928,0.5994562591316888,2.8945529797072718,1.0,0.2021756718786713,0.723140706518904
INSPIRE,0.75,mixed_MNAR,strong,reference_05pct_recalibration,full_heldout,reconstructed_sensitivity,300,0.9212077294685992,0.0218205166585332,0.8802536231884058,0.9637681159420288,,,
INSPIRE,0.75,mixed_MNAR,strong,reference_10pct_recalibration,full_heldout,event_rate,300,0.0824602122015914,0.0020038456779727,0.0789124668435013,0.0862068965517241,,,
INSPIRE,0.75,mixed_MNAR,strong,reference_10pct_recalibration,full_heldout,oe,300,1.0755869284828428,0.2928615417324489,0.6894559907857927,1.8234843311712057,1.0,0.0755869284828427,0.3019857172802895
INSPIRE,0.75,mixed_MNAR,strong,reference_10pct_recalibration,full_heldout,reconstructed_sensitivity,300,0.9212077294685992,0.0218205166585332,0.8802536231884058,0.9637681159420288,,,
INSPIRE,0.75,mixed_MNAR,strong,reference_20pct_recalibration,full_heldout,event_rate,300,0.0823059701492537,0.0033048219851003,0.0761194029850746,0.0888059701492537,,,
INSPIRE,0.75,mixed_MNAR,strong,reference_20pct_recalibration,full_heldout,oe,300,1.0342938279839966,0.2304441080567346,0.7246058810757152,1.5317836814414685,1.0,0.0342938279839966,0.2326016737244161
INSPIRE,0.75,mixed_MNAR,strong,reference_20pct_recalibration,full_heldout,reconstructed_sensitivity,300,0.9212077294685992,0.0218205166585332,0.8802536231884058,0.9637681159420288,,,
INSPIRE,0.75,mixed_MNAR,strong,reference_30pct_recalibration,full_heldout,event_rate,300,0.0820744529695935,0.0045682659790895,0.0733162830349531,0.0912190963341858,,,
INSPIRE,0.75,mixed_MNAR,strong,reference_30pct_recalibration,full_heldout,oe,300,1.0134616959869094,0.1885278994487517,0.7273303130453256,1.422505290065369,1.0,0.0134616959869093,0.1886942241648308
INSPIRE,0.75,mixed_MNAR,strong,reference_30pct_recalibration,full_heldout,reconstructed_sensitivity,300,0.9212077294685992,0.0218205166585332,0.8802536231884058,0.9637681159420288,,,
MIMIC,0.35,mixed_MNAR,strong,AIPW_design_probability,reconstructed,event_rate,300,0.1801420234328317,0.0070116294552183,0.1669598199685703,0.1954801967902033,0.2283298097251585,-0.0481877862923268,0.0486935500747294
MIMIC,0.35,mixed_MNAR,strong,AIPW_design_probability,reconstructed,oe,300,0.8005070100563636,0.0311579631662834,0.7419285280340102,0.8686660939839063,1.014641724383521,-0.2141347143271574,0.2163822046435795
MIMIC,0.35,mixed_MNAR,strong,AIPW_design_probability,reconstructed,reconstructed_sensitivity,300,0.6122942386831275,0.0158681696464465,0.5794367283950618,0.6412422839506172,,,
MIMIC,0.35,mixed_MNAR,strong,AIPW_design_probability,reconstructed,event_rate_interval_coverage,300,0.0,,,,,,
MIMIC,0.35,mixed_MNAR,strong,Gamma2_prediction_sensitivity_region,full,event_rate,300,0.2562573793329496,0.0035072810338891,0.2497497124598289,0.2631278208501545,0.2283298097251585,0.027927569607791,0.0281462104207273
MIMIC,0.35,mixed_MNAR,strong,Gamma2_prediction_sensitivity_region,full,reconstructed_sensitivity,300,0.6122942386831275,0.0158681696464465,0.5794367283950618,0.6412422839506172,,,
MIMIC,0.35,mixed_MNAR,strong,Gamma2_prediction_sensitivity_region,full,MNAR_event_rate_coverage,300,1.0,,,,,,
MIMIC,0.35,mixed_MNAR,strong,IPAW_design_probability_truncated99,reconstructed,event_rate,300,0.1872787516449632,0.0081547493336899,0.1724858122973749,0.204042165691642,0.2283298097251585,-0.0410510580801953,0.0418505393005064
MIMIC,0.35,mixed_MNAR,strong,IPAW_design_probability_truncated99,reconstructed,oe,300,0.8102843896575507,0.028136861525778,0.7626253488826523,0.8686273184907557,1.014641724383521,-0.2043573347259704,0.2062788508053311
MIMIC,0.35,mixed_MNAR,strong,IPAW_design_probability_truncated99,reconstructed,reconstructed_sensitivity,300,0.6122942386831275,0.0158681696464465,0.5794367283950618,0.6412422839506172,,,
MIMIC,0.35,mixed_MNAR,strong,IPAW_design_probability_truncated99,reconstructed,event_rate_interval_coverage,300,0.0066666666666666,,,,,,
MIMIC,0.35,mixed_MNAR,strong,IPAW_design_probability_untruncated,reconstructed,event_rate,300,0.1802485745245723,0.0088385969932581,0.1634489953399716,0.1970277786533132,0.2283298097251585,-0.0480812352005862,0.0488842057577628
MIMIC,0.35,mixed_MNAR,strong,IPAW_design_probability_untruncated,reconstructed,oe,300,0.801788772173768,0.0285582743966057,0.7509519396579716,0.86478732064042,1.014641724383521,-0.2128529522097531,0.2147538956979926
MIMIC,0.35,mixed_MNAR,strong,IPAW_design_probability_untruncated,reconstructed,reconstructed_sensitivity,300,0.6122942386831275,0.0158681696464465,0.5794367283950618,0.6412422839506172,,,
MIMIC,0.35,mixed_MNAR,strong,IPAW_design_probability_untruncated,reconstructed,event_rate_interval_coverage,300,0.0,,,,,,
MIMIC,0.35,mixed_MNAR,strong,naive,reconstructed,event_rate,300,0.3243955237113394,0.0084730015947169,0.3086866349215471,0.340937100157603,0.2283298097251585,0.0960657139861808,0.0964374089959149
MIMIC,0.35,mixed_MNAR,strong,naive,reconstructed,oe,300,1.1730111890855317,0.0300360123456981,1.1171500508168684,1.2323006910088397,1.014641724383521,0.1583694647020104,0.1611832565151855
MIMIC,0.35,mixed_MNAR,strong,naive,reconstructed,reconstructed_sensitivity,300,0.6122942386831275,0.0158681696464465,0.5794367283950618,0.6412422839506172,,,
MIMIC,0.35,mixed_MNAR,strong,naive,reconstructed,event_rate_interval_coverage,300,0.0,,,,,,
MIMIC,0.35,mixed_MNAR,strong,recalibration_intercept_slope_truth,full,event_rate,300,0.2283298097251585,5.560390175747647e-17,0.2283298097251585,0.2283298097251585,,,
MIMIC,0.35,mixed_MNAR,strong,recalibration_intercept_slope_truth,full,oe,300,0.7707496084249347,0.0246316359400798,0.7231638436595204,0.817761781159012,1.0,-0.2292503915750653,0.2305654725555738
MIMIC,0.35,mixed_MNAR,strong,recalibration_intercept_slope_truth,full,reconstructed_sensitivity,300,0.6122942386831275,0.0158681696464465,0.5794367283950618,0.6412422839506172,,,
MIMIC,0.35,mixed_MNAR,strong,recalibration_intercept_truth,full,event_rate,300,0.2283298097251585,5.560390175747647e-17,0.2283298097251585,0.2283298097251585,,,
MIMIC,0.35,mixed_MNAR,strong,recalibration_intercept_truth,full,oe,300,0.856234469183463,0.023345651714651,0.8116098648925596,0.9016603764235008,1.0,-0.1437655308165369,0.1456424751692622
MIMIC,0.35,mixed_MNAR,strong,recalibration_intercept_truth,full,reconstructed_sensitivity,300,0.6122942386831275,0.0158681696464465,0.5794367283950618,0.6412422839506172,,,
MIMIC,0.35,mixed_MNAR,strong,reference_05pct_recalibration,full_heldout,event_rate,300,0.2284470820969337,0.0018528105197337,0.2251483679525222,0.2321958456973293,,,
MIMIC,0.35,mixed_MNAR,strong,reference_05pct_recalibration,full_heldout,oe,300,1.0351096093407963,0.181641954375881,0.782477059322359,1.4938301473299187,1.0,0.0351096093407965,0.1847065373114552
MIMIC,0.35,mixed_MNAR,strong,reference_05pct_recalibration,full_heldout,reconstructed_sensitivity,300,0.6122942386831275,0.0158681696464465,0.5794367283950618,0.6412422839506172,,,
MIMIC,0.35,mixed_MNAR,strong,reference_10pct_recalibration,full_heldout,event_rate,300,0.2284534064212998,0.0026049599809658,0.2235708692247455,0.2337509788566953,,,
MIMIC,0.35,mixed_MNAR,strong,reference_10pct_recalibration,full_heldout,oe,300,1.0149150184192528,0.1178583455179585,0.8339638810846828,1.2861010066845735,1.0,0.0149150184192528,0.1186033111566299
MIMIC,0.35,mixed_MNAR,strong,reference_10pct_recalibration,full_heldout,reconstructed_sensitivity,300,0.6122942386831275,0.0158681696464465,0.5794367283950618,0.6412422839506172,,,
MIMIC,0.35,mixed_MNAR,strong,reference_20pct_recalibration,full_heldout,event_rate,300,0.2288193832599118,0.0040355081265569,0.2215859030837004,0.2370044052863436,,,
MIMIC,0.35,mixed_MNAR,strong,reference_20pct_recalibration,full_heldout,oe,300,1.0170075799866534,0.0904672370087273,0.8680003447876896,1.2073999161496207,1.0,0.0170075799866533,0.0919037413769919
MIMIC,0.35,mixed_MNAR,strong,reference_20pct_recalibration,full_heldout,reconstructed_sensitivity,300,0.6122942386831275,0.0158681696464465,0.5794367283950618,0.6412422839506172,,,
MIMIC,0.35,mixed_MNAR,strong,reference_30pct_recalibration,full_heldout,event_rate,300,0.2287042631755622,0.0054111666994808,0.2185297079556898,0.2391742195367573,,,
MIMIC,0.35,mixed_MNAR,strong,reference_30pct_recalibration,full_heldout,oe,300,1.0112080579038492,0.0793268200664739,0.8844050942886157,1.177920367568437,1.0,0.0112080579038491,0.0799836803931187
MIMIC,0.35,mixed_MNAR,strong,reference_30pct_recalibration,full_heldout,reconstructed_sensitivity,300,0.6122942386831275,0.0158681696464465,0.5794367283950618,0.6412422839506172,,,
MIMIC,0.55,mixed_MNAR,strong,AIPW_design_probability,reconstructed,event_rate,300,0.2005678033090444,0.004299030689839,0.1916252013194412,0.2092215914324774,0.2283298097251585,-0.0277620064161141,0.0280917970156942
MIMIC,0.55,mixed_MNAR,strong,AIPW_design_probability,reconstructed,oe,300,0.8912741706843396,0.0191038389493095,0.8515354387415927,0.9297294845769004,1.014641724383521,-0.1233675536991815,0.1248330623116846
MIMIC,0.55,mixed_MNAR,strong,AIPW_design_probability,reconstructed,reconstructed_sensitivity,300,0.8152469135802469,0.0141010243363432,0.7870370370370371,0.8418595679012345,,,
MIMIC,0.55,mixed_MNAR,strong,AIPW_design_probability,reconstructed,event_rate_interval_coverage,300,0.0066666666666666,,,,,,
MIMIC,0.55,mixed_MNAR,strong,Gamma2_prediction_sensitivity_region,full,event_rate,300,0.2424938638200101,0.0033323873096588,0.2359201092708413,0.2492975423447973,0.2283298097251585,0.0141640540948515,0.014549509186436
MIMIC,0.55,mixed_MNAR,strong,Gamma2_prediction_sensitivity_region,full,reconstructed_sensitivity,300,0.8152469135802469,0.0141010243363432,0.7870370370370371,0.8418595679012345,,,
MIMIC,0.55,mixed_MNAR,strong,Gamma2_prediction_sensitivity_region,full,MNAR_event_rate_coverage,300,1.0,,,,,,
MIMIC,0.55,mixed_MNAR,strong,IPAW_design_probability_truncated99,reconstructed,event_rate,300,0.2039828166223882,0.0049322638287897,0.1937538228900503,0.2137362302371868,0.2283298097251585,-0.0243469931027703,0.0248399317404096
MIMIC,0.55,mixed_MNAR,strong,IPAW_design_probability_truncated99,reconstructed,oe,300,0.8958177731332163,0.0185956299246804,0.8565315585734773,0.9330034835149283,1.014641724383521,-0.1188239512503047,0.1202654405257642
MIMIC,0.55,mixed_MNAR,strong,IPAW_design_probability_truncated99,reconstructed,reconstructed_sensitivity,300,0.8152469135802469,0.0141010243363432,0.7870370370370371,0.8418595679012345,,,
MIMIC,0.55,mixed_MNAR,strong,IPAW_design_probability_truncated99,reconstructed,event_rate_interval_coverage,300,0.0766666666666666,,,,,,
MIMIC,0.55,mixed_MNAR,strong,IPAW_design_probability_untruncated,reconstructed,event_rate,300,0.2002429498568465,0.0050551174827762,0.1903815673218557,0.209689829028335,0.2283298097251585,-0.0280868598683119,0.0285366558888326
MIMIC,0.55,mixed_MNAR,strong,IPAW_design_probability_untruncated,reconstructed,oe,300,0.8918229301715886,0.0185380969359956,0.8525921784920637,0.9291744469364314,1.014641724383521,-0.1228187942119324,0.1242053610472913
MIMIC,0.55,mixed_MNAR,strong,IPAW_design_probability_untruncated,reconstructed,reconstructed_sensitivity,300,0.8152469135802469,0.0141010243363432,0.7870370370370371,0.8418595679012345,,,
MIMIC,0.55,mixed_MNAR,strong,IPAW_design_probability_untruncated,reconstructed,event_rate_interval_coverage,300,0.0166666666666666,,,,,,
MIMIC,0.55,mixed_MNAR,strong,naive,reconstructed,event_rate,300,0.2704096120878207,0.0049749999383171,0.2604094073696722,0.2811703254828087,0.2283298097251585,0.0420798023626622,0.0423718997589874
MIMIC,0.55,mixed_MNAR,strong,naive,reconstructed,oe,300,1.067656168301364,0.0191350594239814,1.0299125895298298,1.1067264142331643,1.014641724383521,0.0530144439178428,0.0563512312324543
MIMIC,0.55,mixed_MNAR,strong,naive,reconstructed,reconstructed_sensitivity,300,0.8152469135802469,0.0141010243363432,0.7870370370370371,0.8418595679012345,,,
MIMIC,0.55,mixed_MNAR,strong,naive,reconstructed,event_rate_interval_coverage,300,0.0,,,,,,
MIMIC,0.55,mixed_MNAR,strong,recalibration_intercept_slope_truth,full,event_rate,300,0.2283298097251585,5.560390175747647e-17,0.2283298097251585,0.2283298097251585,,,
MIMIC,0.55,mixed_MNAR,strong,recalibration_intercept_slope_truth,full,oe,300,0.9127163465849268,0.0183769783102947,0.8745705539921714,0.9508876908580348,1.0,-0.0872836534150731,0.089190939978193
MIMIC,0.55,mixed_MNAR,strong,recalibration_intercept_slope_truth,full,reconstructed_sensitivity,300,0.8152469135802469,0.0141010243363432,0.7870370370370371,0.8418595679012345,,,
MIMIC,0.55,mixed_MNAR,strong,recalibration_intercept_truth,full,event_rate,300,0.2283298097251585,5.560390175747647e-17,0.2283298097251585,0.2283298097251585,,,
MIMIC,0.55,mixed_MNAR,strong,recalibration_intercept_truth,full,oe,300,0.9488541854416735,0.017690357611498,0.9138728504712332,0.9858728407670364,1.0,-0.0511458145583264,0.0541091483646651
MIMIC,0.55,mixed_MNAR,strong,recalibration_intercept_truth,full,reconstructed_sensitivity,300,0.8152469135802469,0.0141010243363432,0.7870370370370371,0.8418595679012345,,,
MIMIC,0.55,mixed_MNAR,strong,reference_05pct_recalibration,full_heldout,event_rate,300,0.2282739861523244,0.001741537829318,0.2251483679525222,0.2314540059347181,,,
MIMIC,0.55,mixed_MNAR,strong,reference_05pct_recalibration,full_heldout,oe,300,1.014804045036583,0.163084366549391,0.7507002184384155,1.393664662143279,1.0,0.0148040450365829,0.1634839910415856
MIMIC,0.55,mixed_MNAR,strong,reference_05pct_recalibration,full_heldout,reconstructed_sensitivity,300,0.8152469135802469,0.0141010243363432,0.7870370370370371,0.8418595679012345,,,
MIMIC,0.55,mixed_MNAR,strong,reference_10pct_recalibration,full_heldout,event_rate,300,0.2283241973375097,0.0027091050121495,0.2227877838684416,0.2331734534064212,,,
MIMIC,0.55,mixed_MNAR,strong,reference_10pct_recalibration,full_heldout,oe,300,1.009184556052371,0.1164818174570841,0.7977881478112407,1.2249772707398343,1.0,0.0091845560523706,0.1166496599023085
MIMIC,0.55,mixed_MNAR,strong,reference_10pct_recalibration,full_heldout,reconstructed_sensitivity,300,0.8152469135802469,0.0141010243363432,0.7870370370370371,0.8418595679012345,,,
MIMIC,0.55,mixed_MNAR,strong,reference_20pct_recalibration,full_heldout,event_rate,300,0.2280881057268721,0.0040964576374279,0.220033039647577,0.2363546255506607,,,
MIMIC,0.55,mixed_MNAR,strong,reference_20pct_recalibration,full_heldout,oe,300,0.9999110730070078,0.0895402018339976,0.8375199705508468,1.1991764137809808,1.0,-8.892699299223317e-05,0.0893908878279448
MIMIC,0.55,mixed_MNAR,strong,reference_20pct_recalibration,full_heldout,reconstructed_sensitivity,300,0.8152469135802469,0.0141010243363432,0.7870370370370371,0.8418595679012345,,,
MIMIC,0.55,mixed_MNAR,strong,reference_30pct_recalibration,full_heldout,event_rate,300,0.2281873111782476,0.0053872237186359,0.2172583081570996,0.2374244712990936,,,
MIMIC,0.55,mixed_MNAR,strong,reference_30pct_recalibration,full_heldout,oe,300,1.0017730934118347,0.077284974145872,0.8522906345083355,1.1528516390364278,1.0,0.0017730934118347,0.0771764290325276
MIMIC,0.55,mixed_MNAR,strong,reference_30pct_recalibration,full_heldout,reconstructed_sensitivity,300,0.8152469135802469,0.0141010243363432,0.7870370370370371,0.8418595679012345,,,
MIMIC,0.75,mixed_MNAR,strong,AIPW_design_probability,reconstructed,event_rate,300,0.2160883303133415,0.0025809270606677,0.2116821255543216,0.2213448949037347,0.2283298097251585,-0.0122414794118169,0.0125097081794148
MIMIC,0.75,mixed_MNAR,strong,AIPW_design_probability,reconstructed,oe,300,0.9602435895348028,0.0114690074261272,0.9406634952840331,0.9836024745036552,1.014641724383521,-0.0543981348487181,0.0555900777650299
MIMIC,0.75,mixed_MNAR,strong,AIPW_design_probability,reconstructed,reconstructed_sensitivity,300,0.929182098765432,0.0099481898553139,0.9096836419753088,0.948341049382716,,,
MIMIC,0.75,mixed_MNAR,strong,AIPW_design_probability,reconstructed,event_rate_interval_coverage,300,0.8766666666666667,,,,,,
MIMIC,0.75,mixed_MNAR,strong,Gamma2_prediction_sensitivity_region,full,event_rate,300,0.2307053174114434,0.0023316941270401,0.2265507614611787,0.2354535873701048,0.2283298097251585,0.0023755076862848,0.0033259151539586
MIMIC,0.75,mixed_MNAR,strong,Gamma2_prediction_sensitivity_region,full,reconstructed_sensitivity,300,0.929182098765432,0.0099481898553139,0.9096836419753088,0.948341049382716,,,
MIMIC,0.75,mixed_MNAR,strong,Gamma2_prediction_sensitivity_region,full,MNAR_event_rate_coverage,300,1.0,,,,,,
MIMIC,0.75,mixed_MNAR,strong,IPAW_design_probability_truncated99,reconstructed,event_rate,300,0.2174402759204607,0.0029164746164046,0.2121986772405171,0.2233485937822918,0.2283298097251585,-0.0108895338046978,0.0112720636054138
MIMIC,0.75,mixed_MNAR,strong,IPAW_design_probability_truncated99,reconstructed,oe,300,0.9618365294303116,0.0113991737253773,0.9424872720565124,0.9851013352179656,1.014641724383521,-0.0528051949532094,0.0540175586125694
MIMIC,0.75,mixed_MNAR,strong,IPAW_design_probability_truncated99,reconstructed,reconstructed_sensitivity,300,0.929182098765432,0.0099481898553139,0.9096836419753088,0.948341049382716,,,
MIMIC,0.75,mixed_MNAR,strong,IPAW_design_probability_truncated99,reconstructed,event_rate_interval_coverage,300,0.9433333333333334,,,,,,
MIMIC,0.75,mixed_MNAR,strong,IPAW_design_probability_untruncated,reconstructed,event_rate,300,0.2158492803793836,0.0029549110214641,0.2104282933766927,0.2220059351366654,0.2283298097251585,-0.0124805293457749,0.0128244300808406
MIMIC,0.75,mixed_MNAR,strong,IPAW_design_probability_untruncated,reconstructed,oe,300,0.9603249075524916,0.0113959630184233,0.9409276454627884,0.9835706548343632,1.014641724383521,-0.0543168168310295,0.0554955103637146
MIMIC,0.75,mixed_MNAR,strong,IPAW_design_probability_untruncated,reconstructed,reconstructed_sensitivity,300,0.929182098765432,0.0099481898553139,0.9096836419753088,0.948341049382716,,,
MIMIC,0.75,mixed_MNAR,strong,IPAW_design_probability_untruncated,reconstructed,event_rate_interval_coverage,300,0.8566666666666667,,,,,,
MIMIC,0.75,mixed_MNAR,strong,naive,reconstructed,event_rate,300,0.2410154054927884,0.0027839119206997,0.2363654527433252,0.2466244897833041,0.2283298097251585,0.0126855957676298,0.0129864803421346
MIMIC,0.75,mixed_MNAR,strong,naive,reconstructed,oe,300,1.0173569379968774,0.0110985373572394,0.9975964957375012,1.0400024551101563,1.014641724383521,0.0027152136133563,0.0114078624055792
MIMIC,0.75,mixed_MNAR,strong,naive,reconstructed,reconstructed_sensitivity,300,0.929182098765432,0.0099481898553139,0.9096836419753088,0.948341049382716,,,
MIMIC,0.75,mixed_MNAR,strong,naive,reconstructed,event_rate_interval_coverage,300,0.93,,,,,,
MIMIC,0.75,mixed_MNAR,strong,recalibration_intercept_slope_truth,full,event_rate,300,0.2283298097251585,5.560390175747647e-17,0.2283298097251585,0.2283298097251585,,,
MIMIC,0.75,mixed_MNAR,strong,recalibration_intercept_slope_truth,full,oe,300,0.9871809969904972,0.0115764645057114,0.963763335453476,1.007925487633213,1.0,-0.0128190030095028,0.0172596249527078
MIMIC,0.75,mixed_MNAR,strong,recalibration_intercept_slope_truth,full,reconstructed_sensitivity,300,0.929182098765432,0.0099481898553139,0.9096836419753088,0.948341049382716,,,
MIMIC,0.75,mixed_MNAR,strong,recalibration_intercept_truth,full,event_rate,300,0.2283298097251585,5.560390175747647e-17,0.2283298097251585,0.2283298097251585,,,
MIMIC,0.75,mixed_MNAR,strong,recalibration_intercept_truth,full,oe,300,0.9973902643003418,0.0110306598885286,0.9762407529562848,1.0177442979493874,1.0,-0.0026097356996581,0.0113172696857447
MIMIC,0.75,mixed_MNAR,strong,recalibration_intercept_truth,full,reconstructed_sensitivity,300,0.929182098765432,0.0099481898553139,0.9096836419753088,0.948341049382716,,,
MIMIC,0.75,mixed_MNAR,strong,reference_05pct_recalibration,full_heldout,event_rate,300,0.2284174085064292,0.0017693436916845,0.2245827151335311,0.2314540059347181,,,
MIMIC,0.75,mixed_MNAR,strong,reference_05pct_recalibration,full_heldout,oe,300,1.025173999600823,0.1566575045345333,0.7571870080129466,1.3660420560510975,1.0,0.0251739996008228,0.1584092760451008
MIMIC,0.75,mixed_MNAR,strong,reference_05pct_recalibration,full_heldout,reconstructed_sensitivity,300,0.929182098765432,0.0099481898553139,0.9096836419753088,0.948341049382716,,,
MIMIC,0.75,mixed_MNAR,strong,reference_10pct_recalibration,full_heldout,event_rate,300,0.2281897676846776,0.0025915279531872,0.2233653093187157,0.2329678935003915,,,
MIMIC,0.75,mixed_MNAR,strong,reference_10pct_recalibration,full_heldout,oe,300,1.00482603066222,0.1127412479939102,0.8103235680134979,1.2561643966398452,1.0,0.00482603066222,0.1126566062917734
MIMIC,0.75,mixed_MNAR,strong,reference_10pct_recalibration,full_heldout,reconstructed_sensitivity,300,0.929182098765432,0.0099481898553139,0.9096836419753088,0.948341049382716,,,
MIMIC,0.75,mixed_MNAR,strong,reference_20pct_recalibration,full_heldout,event_rate,300,0.2281233480176211,0.0039056553446446,0.2207048458149779,0.2357048458149779,,,
MIMIC,0.75,mixed_MNAR,strong,reference_20pct_recalibration,full_heldout,oe,300,0.9999962284503344,0.0826497933350618,0.8509771275860494,1.174052617256764,1.0,-3.771549665576579e-06,0.0825119287826024
MIMIC,0.75,mixed_MNAR,strong,reference_20pct_recalibration,full_heldout,reconstructed_sensitivity,300,0.929182098765432,0.0099481898553139,0.9096836419753088,0.948341049382716,,,
MIMIC,0.75,mixed_MNAR,strong,reference_30pct_recalibration,full_heldout,event_rate,300,0.2281403155421281,0.0052692565914386,0.2180261832829808,0.2386706948640483,,,
MIMIC,0.75,mixed_MNAR,strong,reference_30pct_recalibration,full_heldout,oe,300,1.0007809884466323,0.074382872979844,0.8639160922797513,1.1592194938594855,1.0,0.0007809884466323,0.0742629048025566
MIMIC,0.75,mixed_MNAR,strong,reference_30pct_recalibration,full_heldout,reconstructed_sensitivity,300,0.929182098765432,0.0099481898553139,0.9096836419753088,0.948341049382716,,,
EICU,0.35,mixed_MNAR,strong,AIPW_design_probability,reconstructed,event_rate,300,0.1824573874651393,0.0098259167995032,0.1618967024673064,0.2023034903317798,0.2247156470949892,-0.0422582596298498,0.0433818777727681
EICU,0.35,mixed_MNAR,strong,AIPW_design_probability,reconstructed,oe,300,0.6711460725565457,0.0361433733151197,0.5955162327507753,0.7441474137439167,0.8265876547126386,-0.1554415821560929,0.1595746672240621
EICU,0.35,mixed_MNAR,strong,AIPW_design_probability,reconstructed,reconstructed_sensitivity,300,0.5289922480620155,0.0170601108453501,0.4944938440492476,0.560875512995896,,,
EICU,0.35,mixed_MNAR,strong,AIPW_design_probability,reconstructed,event_rate_interval_coverage,300,0.0333333333333333,,,,,,
EICU,0.35,mixed_MNAR,strong,Gamma2_prediction_sensitivity_region,full,event_rate,300,0.2876666893817132,0.003694158014646,0.2801826713975845,0.2945175615058481,0.2247156470949892,0.062951042286724,0.063058980637791
EICU,0.35,mixed_MNAR,strong,Gamma2_prediction_sensitivity_region,full,reconstructed_sensitivity,300,0.5289922480620155,0.0170601108453501,0.4944938440492476,0.560875512995896,,,
EICU,0.35,mixed_MNAR,strong,Gamma2_prediction_sensitivity_region,full,MNAR_event_rate_coverage,300,1.0,,,,,,
EICU,0.35,mixed_MNAR,strong,IPAW_design_probability_truncated99,reconstructed,event_rate,300,0.1872485204026274,0.0093984303642655,0.1686097058435774,0.2077013987123367,0.2247156470949892,-0.0374671266923618,0.0386241069918222
EICU,0.35,mixed_MNAR,strong,IPAW_design_probability_truncated99,reconstructed,oe,300,0.6803850074572937,0.031088997305505,0.621341193968328,0.7440329490714623,0.8265876547126386,-0.1462026472553449,0.1494607576102201
EICU,0.35,mixed_MNAR,strong,IPAW_design_probability_truncated99,reconstructed,reconstructed_sensitivity,300,0.5289922480620155,0.0170601108453501,0.4944938440492476,0.560875512995896,,,
EICU,0.35,mixed_MNAR,strong,IPAW_design_probability_truncated99,reconstructed,event_rate_interval_coverage,300,0.05,,,,,,
EICU,0.35,mixed_MNAR,strong,IPAW_design_probability_untruncated,reconstructed,event_rate,300,0.182785613794655,0.0094052143500244,0.1641302907144496,0.2026318496684849,0.2247156470949892,-0.0419300333003341,0.0429684871661446
EICU,0.35,mixed_MNAR,strong,IPAW_design_probability_untruncated,reconstructed,oe,300,0.672552485062902,0.0309106553258658,0.6129783249922818,0.7356524417205527,0.8265876547126386,-0.1540351696497366,0.1570958853895353
EICU,0.35,mixed_MNAR,strong,IPAW_design_probability_untruncated,reconstructed,reconstructed_sensitivity,300,0.5289922480620155,0.0170601108453501,0.4944938440492476,0.560875512995896,,,
EICU,0.35,mixed_MNAR,strong,IPAW_design_probability_untruncated,reconstructed,event_rate_interval_coverage,300,0.0366666666666666,,,,,,
EICU,0.35,mixed_MNAR,strong,naive,reconstructed,event_rate,300,0.3290378500412909,0.0103707324970446,0.3094527263944657,0.3490906935075885,0.2247156470949892,0.1043222029463017,0.1048347061479142
EICU,0.35,mixed_MNAR,strong,naive,reconstructed,oe,300,1.0333948327330666,0.0321316534941424,0.9700687935425047,1.094068671881761,0.8265876547126386,0.206807178020428,0.2092802201830193
EICU,0.35,mixed_MNAR,strong,naive,reconstructed,reconstructed_sensitivity,300,0.5289922480620155,0.0170601108453501,0.4944938440492476,0.560875512995896,,,
EICU,0.35,mixed_MNAR,strong,naive,reconstructed,event_rate_interval_coverage,300,0.0,,,,,,
EICU,0.35,mixed_MNAR,strong,recalibration_intercept_slope_truth,full,event_rate,300,0.2247156470949892,0.0,0.2247156470949892,0.2247156470949892,,,
EICU,0.35,mixed_MNAR,strong,recalibration_intercept_slope_truth,full,oe,300,0.7359697787797657,0.0277244536712789,0.6801988135855193,0.7989916148287898,1.0,-0.2640302212202343,0.2654770063449417
EICU,0.35,mixed_MNAR,strong,recalibration_intercept_slope_truth,full,reconstructed_sensitivity,300,0.5289922480620155,0.0170601108453501,0.4944938440492476,0.560875512995896,,,
EICU,0.35,mixed_MNAR,strong,recalibration_intercept_truth,full,event_rate,300,0.2247156470949892,0.0,0.2247156470949892,0.2247156470949892,,,
EICU,0.35,mixed_MNAR,strong,recalibration_intercept_truth,full,oe,300,0.7987117771430945,0.0267406780251345,0.7507978676263342,0.8545467408785941,1.0,-0.2012882228569055,0.2030508039283051
EICU,0.35,mixed_MNAR,strong,recalibration_intercept_truth,full,reconstructed_sensitivity,300,0.5289922480620155,0.0170601108453501,0.4944938440492476,0.560875512995896,,,
EICU,0.35,mixed_MNAR,strong,reference_05pct_recalibration,full_heldout,event_rate,300,0.2247184466019417,0.001703300868281,0.2213592233009708,0.227831715210356,,,
EICU,0.35,mixed_MNAR,strong,reference_05pct_recalibration,full_heldout,oe,300,1.0219921453193632,0.155873496399368,0.763959432134169,1.370717723425852,1.0,0.0219921453193632,0.1571598321643051
EICU,0.35,mixed_MNAR,strong,reference_05pct_recalibration,full_heldout,reconstructed_sensitivity,300,0.5289922480620155,0.0170601108453501,0.4944938440492476,0.560875512995896,,,
EICU,0.35,mixed_MNAR,strong,reference_10pct_recalibration,full_heldout,event_rate,300,0.2248639107163193,0.0024243272671574,0.2198411342671677,0.2296036897847625,,,
EICU,0.35,mixed_MNAR,strong,reference_10pct_recalibration,full_heldout,oe,300,1.0166264384592243,0.1094893378023633,0.8080617548169688,1.2553006075417414,1.0,0.0166264384592242,0.1105639807137194
EICU,0.35,mixed_MNAR,strong,reference_10pct_recalibration,full_heldout,reconstructed_sensitivity,300,0.5289922480620155,0.0170601108453501,0.4944938440492476,0.560875512995896,,,
EICU,0.35,mixed_MNAR,strong,reference_20pct_recalibration,full_heldout,event_rate,300,0.2247156033820137,0.0035994636896241,0.2178900845503459,0.2321291314373559,,,
EICU,0.35,mixed_MNAR,strong,reference_20pct_recalibration,full_heldout,oe,300,1.0050233730136655,0.0810385668638244,0.8598544492666764,1.1818967565543907,1.0,0.0050233730136657,0.0810591929685491
EICU,0.35,mixed_MNAR,strong,reference_20pct_recalibration,full_heldout,reconstructed_sensitivity,300,0.5289922480620155,0.0170601108453501,0.4944938440492476,0.560875512995896,,,
EICU,0.35,mixed_MNAR,strong,reference_30pct_recalibration,full_heldout,event_rate,300,0.2246245059288537,0.004901553986143,0.2145256916996047,0.2345191040843214,,,
EICU,0.35,mixed_MNAR,strong,reference_30pct_recalibration,full_heldout,oe,300,1.0025517264434132,0.0712409204886624,0.8661364305748499,1.153453760464477,1.0,0.0025517264434131,0.0711678473568438
EICU,0.35,mixed_MNAR,strong,reference_30pct_recalibration,full_heldout,reconstructed_sensitivity,300,0.5289922480620155,0.0170601108453501,0.4944938440492476,0.560875512995896,,,
EICU,0.55,mixed_MNAR,strong,AIPW_design_probability,reconstructed,event_rate,300,0.1995460943663299,0.005269969386561,0.1896453855185274,0.2096867707788553,0.2247156470949892,-0.0251695527286592,0.0257135448088797
EICU,0.55,mixed_MNAR,strong,AIPW_design_probability,reconstructed,oe,300,0.7340046867301993,0.019384905732904,0.697586200468589,0.7713058628671946,0.8265876547126386,-0.0925829679824393,0.0945839730018254
EICU,0.55,mixed_MNAR,strong,AIPW_design_probability,reconstructed,reconstructed_sensitivity,300,0.7594664842681258,0.013514255592312,0.7318741450068399,0.7838577291381669,,,
EICU,0.55,mixed_MNAR,strong,AIPW_design_probability,reconstructed,event_rate_interval_coverage,300,0.0533333333333333,,,,,,
EICU,0.55,mixed_MNAR,strong,Gamma2_prediction_sensitivity_region,full,event_rate,300,0.263885372551409,0.0032356375593126,0.2580001040590571,0.2699359425300061,0.2247156470949892,0.0391697254564198,0.0393026951354715
EICU,0.55,mixed_MNAR,strong,Gamma2_prediction_sensitivity_region,full,reconstructed_sensitivity,300,0.7594664842681258,0.013514255592312,0.7318741450068399,0.7838577291381669,,,
EICU,0.55,mixed_MNAR,strong,Gamma2_prediction_sensitivity_region,full,MNAR_event_rate_coverage,300,0.9333333333333332,,,,,,
EICU,0.55,mixed_MNAR,strong,IPAW_design_probability_truncated99,reconstructed,event_rate,300,0.2021281695776354,0.0052177655720254,0.1922816941147629,0.2117295927942211,0.2247156470949892,-0.0225874775173537,0.0231803465872067
EICU,0.55,mixed_MNAR,strong,IPAW_design_probability_truncated99,reconstructed,oe,300,0.738734259779812,0.0176303697195307,0.7085058093465847,0.7722489402861934,0.8265876547126386,-0.0878533949328266,0.0895991787790625
EICU,0.55,mixed_MNAR,strong,IPAW_design_probability_truncated99,reconstructed,reconstructed_sensitivity,300,0.7594664842681258,0.013514255592312,0.7318741450068399,0.7838577291381669,,,
EICU,0.55,mixed_MNAR,strong,IPAW_design_probability_truncated99,reconstructed,event_rate_interval_coverage,300,0.1133333333333333,,,,,,
EICU,0.55,mixed_MNAR,strong,IPAW_design_probability_untruncated,reconstructed,event_rate,300,0.1996014485551186,0.0052344123960442,0.18910599555578,0.2091668373660735,0.2247156470949892,-0.0251141985398705,0.025652109293158
EICU,0.55,mixed_MNAR,strong,IPAW_design_probability_untruncated,reconstructed,oe,300,0.7344677068303364,0.0175161654876364,0.70271319739553,0.7677936237889416,0.8265876547126386,-0.0921199478823022,0.0937650154964546
EICU,0.55,mixed_MNAR,strong,IPAW_design_probability_untruncated,reconstructed,reconstructed_sensitivity,300,0.7594664842681258,0.013514255592312,0.7318741450068399,0.7838577291381669,,,
EICU,0.55,mixed_MNAR,strong,IPAW_design_probability_untruncated,reconstructed,event_rate_interval_coverage,300,0.0566666666666666,,,,,,
EICU,0.55,mixed_MNAR,strong,naive,reconstructed,event_rate,300,0.2734148546076232,0.0051212172395006,0.2633883981953195,0.2829665835572021,0.2247156470949892,0.0486992075126339,0.0489668485353716
EICU,0.55,mixed_MNAR,strong,naive,reconstructed,oe,300,0.918340508454623,0.0169246791415506,0.8853209610863287,0.9509759660398174,0.8265876547126386,0.0917528537419843,0.0932956382579715
EICU,0.55,mixed_MNAR,strong,naive,reconstructed,reconstructed_sensitivity,300,0.7594664842681258,0.013514255592312,0.7318741450068399,0.7838577291381669,,,
EICU,0.55,mixed_MNAR,strong,naive,reconstructed,event_rate_interval_coverage,300,0.0,,,,,,
EICU,0.55,mixed_MNAR,strong,recalibration_intercept_slope_truth,full,event_rate,300,0.2247156470949892,0.0,0.2247156470949892,0.2247156470949892,,,
EICU,0.55,mixed_MNAR,strong,recalibration_intercept_slope_truth,full,oe,300,0.8675168203909607,0.0182172616495876,0.8328882544619493,0.9031238261461032,1.0,-0.1324831796090393,0.1337256717036427
EICU,0.55,mixed_MNAR,strong,recalibration_intercept_slope_truth,full,reconstructed_sensitivity,300,0.7594664842681258,0.013514255592312,0.7318741450068399,0.7838577291381669,,,
EICU,0.55,mixed_MNAR,strong,recalibration_intercept_truth,full,event_rate,300,0.2247156470949892,0.0,0.2247156470949892,0.2247156470949892,,,
EICU,0.55,mixed_MNAR,strong,recalibration_intercept_truth,full,oe,300,0.9029275817900612,0.0171704053771098,0.8701065083449581,0.9380089141999683,1.0,-0.0970724182099388,0.0985743093062464
EICU,0.55,mixed_MNAR,strong,recalibration_intercept_truth,full,reconstructed_sensitivity,300,0.7594664842681258,0.013514255592312,0.7318741450068399,0.7838577291381669,,,
EICU,0.55,mixed_MNAR,strong,reference_05pct_recalibration,full_heldout,event_rate,300,0.2248327939590075,0.0017259752932615,0.2213592233009708,0.2283252427184465,,,
EICU,0.55,mixed_MNAR,strong,reference_05pct_recalibration,full_heldout,oe,300,1.0372134905184118,0.1725051571109,0.7757962702657192,1.5007696887094646,1.0,0.0372134905184118,0.1761921668964146
EICU,0.55,mixed_MNAR,strong,reference_05pct_recalibration,full_heldout,reconstructed_sensitivity,300,0.7594664842681258,0.013514255592312,0.7318741450068399,0.7838577291381669,,,
EICU,0.55,mixed_MNAR,strong,reference_10pct_recalibration,full_heldout,event_rate,300,0.2248035531260676,0.0022828759678913,0.22036214554151,0.2292449607106252,,,
EICU,0.55,mixed_MNAR,strong,reference_10pct_recalibration,full_heldout,oe,300,1.0153700415821212,0.1061726636874173,0.8469177592739694,1.260679776008743,1.0,0.0153700415821211,0.1071041420503238
EICU,0.55,mixed_MNAR,strong,reference_10pct_recalibration,full_heldout,reconstructed_sensitivity,300,0.7594664842681258,0.013514255592312,0.7318741450068399,0.7838577291381669,,,
EICU,0.55,mixed_MNAR,strong,reference_20pct_recalibration,full_heldout,event_rate,300,0.2246758903407634,0.0034828299532801,0.2180918524212144,0.2309761721752498,,,
EICU,0.55,mixed_MNAR,strong,reference_20pct_recalibration,full_heldout,oe,300,1.005451224532568,0.0777840225297607,0.8708160580446626,1.1611730745049376,1.0,0.0054512245325679,0.0778453734181534
EICU,0.55,mixed_MNAR,strong,reference_20pct_recalibration,full_heldout,reconstructed_sensitivity,300,0.7594664842681258,0.013514255592312,0.7318741450068399,0.7838577291381669,,,
EICU,0.55,mixed_MNAR,strong,reference_30pct_recalibration,full_heldout,event_rate,300,0.2245337432293953,0.0047143567018454,0.2158432147562582,0.2329929732103644,,,
EICU,0.55,mixed_MNAR,strong,reference_30pct_recalibration,full_heldout,oe,300,1.001350589403015,0.0696265310596765,0.8823389701521632,1.1373296874132102,1.0,0.001350589403015,0.0695235097386605
EICU,0.55,mixed_MNAR,strong,reference_30pct_recalibration,full_heldout,reconstructed_sensitivity,300,0.7594664842681258,0.013514255592312,0.7318741450068399,0.7838577291381669,,,
EICU,0.75,mixed_MNAR,strong,AIPW_design_probability,reconstructed,event_rate,300,0.2129747374839195,0.0030652027830857,0.2064902616368358,0.2188774143162672,0.2247156470949892,-0.0117409096110696,0.0121331409111466
EICU,0.75,mixed_MNAR,strong,AIPW_design_probability,reconstructed,oe,300,0.7834002262221571,0.0112749548704923,0.7595479144148893,0.8051124650557729,0.8265876547126386,-0.0431874284904815,0.0446302009659489
EICU,0.75,mixed_MNAR,strong,AIPW_design_probability,reconstructed,reconstructed_sensitivity,300,0.9047606019151848,0.0104436992567179,0.8823529411764706,0.9241108071135432,,,
EICU,0.75,mixed_MNAR,strong,AIPW_design_probability,reconstructed,event_rate_interval_coverage,300,0.8433333333333334,,,,,,
EICU,0.75,mixed_MNAR,strong,Gamma2_prediction_sensitivity_region,full,event_rate,300,0.2388761477945705,0.0025560745993104,0.2334293166482469,0.2437292181976345,0.2247156470949892,0.0141605006995813,0.0143885898902182
EICU,0.75,mixed_MNAR,strong,Gamma2_prediction_sensitivity_region,full,reconstructed_sensitivity,300,0.9047606019151848,0.0104436992567179,0.8823529411764706,0.9241108071135432,,,
EICU,0.75,mixed_MNAR,strong,Gamma2_prediction_sensitivity_region,full,MNAR_event_rate_coverage,300,0.8866666666666667,,,,,,
EICU,0.75,mixed_MNAR,strong,IPAW_design_probability_truncated99,reconstructed,event_rate,300,0.2140381848839892,0.0031076379895468,0.2079549355661023,0.2200635452167158,0.2247156470949892,-0.0106774622109999,0.0111190566938849
EICU,0.75,mixed_MNAR,strong,IPAW_design_probability_truncated99,reconstructed,oe,300,0.7853588556749131,0.0106167985717906,0.7628276404807975,0.8060289275192871,0.8265876547126386,-0.0412287990377254,0.0425694087418897
EICU,0.75,mixed_MNAR,strong,IPAW_design_probability_truncated99,reconstructed,reconstructed_sensitivity,300,0.9047606019151848,0.0104436992567179,0.8823529411764706,0.9241108071135432,,,
EICU,0.75,mixed_MNAR,strong,IPAW_design_probability_truncated99,reconstructed,event_rate_interval_coverage,300,0.9033333333333332,,,,,,
EICU,0.75,mixed_MNAR,strong,IPAW_design_probability_untruncated,reconstructed,event_rate,300,0.2129496145741573,0.0031296765522898,0.2065250981884797,0.2190938443470263,0.2247156470949892,-0.0117660325208318,0.0121738139881804
EICU,0.75,mixed_MNAR,strong,IPAW_design_probability_untruncated,reconstructed,oe,300,0.7836005171687608,0.0106194301480486,0.7613250438838867,0.804107077396382,0.8265876547126386,-0.0429871375438778,0.044275166665186
EICU,0.75,mixed_MNAR,strong,IPAW_design_probability_untruncated,reconstructed,reconstructed_sensitivity,300,0.9047606019151848,0.0104436992567179,0.8823529411764706,0.9241108071135432,,,
EICU,0.75,mixed_MNAR,strong,IPAW_design_probability_untruncated,reconstructed,event_rate_interval_coverage,300,0.84,,,,,,
EICU,0.75,mixed_MNAR,strong,naive,reconstructed,event_rate,300,0.2400507408330892,0.0030014923462623,0.2340868506837244,0.2456622041762845,0.2247156470949892,0.0153350937381,0.0156251088446333
EICU,0.75,mixed_MNAR,strong,naive,reconstructed,oe,300,0.8497978595654736,0.0101932792635667,0.8280461684751221,0.8697062424026775,0.8265876547126386,0.0232102048528349,0.0253430504934813
EICU,0.75,mixed_MNAR,strong,naive,reconstructed,reconstructed_sensitivity,300,0.9047606019151848,0.0104436992567179,0.8823529411764706,0.9241108071135432,,,
EICU,0.75,mixed_MNAR,strong,naive,reconstructed,event_rate_interval_coverage,300,0.5866666666666667,,,,,,
EICU,0.75,mixed_MNAR,strong,recalibration_intercept_slope_truth,full,event_rate,300,0.2247156470949892,0.0,0.2247156470949892,0.2247156470949892,,,
EICU,0.75,mixed_MNAR,strong,recalibration_intercept_slope_truth,full,oe,300,0.9620588757103584,0.0124042971968631,0.937809026988768,0.9868808446404156,1.0,-0.0379411242896416,0.0399109334979817
EICU,0.75,mixed_MNAR,strong,recalibration_intercept_slope_truth,full,reconstructed_sensitivity,300,0.9047606019151848,0.0104436992567179,0.8823529411764706,0.9241108071135432,,,
EICU,0.75,mixed_MNAR,strong,recalibration_intercept_truth,full,event_rate,300,0.2247156470949892,0.0,0.2247156470949892,0.2247156470949892,,,
EICU,0.75,mixed_MNAR,strong,recalibration_intercept_truth,full,oe,300,0.974580118926862,0.0118787482606312,0.9523764424517684,1.001868910524001,1.0,-0.0254198810731378,0.0280500385943486
EICU,0.75,mixed_MNAR,strong,recalibration_intercept_truth,full,reconstructed_sensitivity,300,0.9047606019151848,0.0104436992567179,0.8823529411764706,0.9241108071135432,,,
EICU,0.75,mixed_MNAR,strong,reference_05pct_recalibration,full_heldout,event_rate,300,0.2248403451995684,0.0017203414918254,0.2218365695792879,0.2281553398058252,,,
EICU,0.75,mixed_MNAR,strong,reference_05pct_recalibration,full_heldout,oe,300,1.0341064825887587,0.1698270795659283,0.7944997501172998,1.3844615775494271,1.0,0.0341064825887587,0.1729403123969552
EICU,0.75,mixed_MNAR,strong,reference_05pct_recalibration,full_heldout,reconstructed_sensitivity,300,0.9047606019151848,0.0104436992567179,0.8823529411764706,0.9241108071135432,,,
EICU,0.75,mixed_MNAR,strong,reference_10pct_recalibration,full_heldout,event_rate,300,0.2247898872565767,0.0026276962142842,0.2191578407926204,0.2295866074478988,,,
EICU,0.75,mixed_MNAR,strong,reference_10pct_recalibration,full_heldout,oe,300,1.0167853284102113,0.1184189129570575,0.8062461256625376,1.2770824758593375,1.0,0.0167853284102112,0.1194070464110754
EICU,0.75,mixed_MNAR,strong,reference_10pct_recalibration,full_heldout,reconstructed_sensitivity,300,0.9047606019151848,0.0104436992567179,0.8823529411764706,0.9241108071135432,,,
EICU,0.75,mixed_MNAR,strong,reference_20pct_recalibration,full_heldout,event_rate,300,0.2247181655137074,0.0039992159638442,0.2171406610299769,0.2321291314373559,,,
EICU,0.75,mixed_MNAR,strong,reference_20pct_recalibration,full_heldout,oe,300,1.007326773383428,0.0890250046000445,0.8438542030477936,1.1953243942702372,1.0,0.0073267733834281,0.0891779954964784
EICU,0.75,mixed_MNAR,strong,reference_20pct_recalibration,full_heldout,reconstructed_sensitivity,300,0.9047606019151848,0.0104436992567179,0.8823529411764706,0.9241108071135432,,,
EICU,0.75,mixed_MNAR,strong,reference_30pct_recalibration,full_heldout,event_rate,300,0.2250783194261454,0.0052224463032116,0.2145256916996047,0.2343104962670179,,,
EICU,0.75,mixed_MNAR,strong,reference_30pct_recalibration,full_heldout,oe,300,1.010436007395649,0.0782518694822399,0.8649548518087995,1.1699177746545706,1.0,0.010436007395649,0.0788153166855022
EICU,0.75,mixed_MNAR,strong,reference_30pct_recalibration,full_heldout,reconstructed_sensitivity,300,0.9047606019151848,0.0104436992567179,0.8823529411764706,0.9241108071135432,,,
