validation_database,model_specification,threshold,model_net_benefit,treat_all_net_benefit,treat_none_net_benefit,selected_fraction
MIMIC-IV,minimal,0.02,0.2094497793478824,0.2094497793478824,0.0,1.0
MIMIC-IV,minimal,0.03,0.20129977707311827,0.20129977707311827,0.0,1.0
MIMIC-IV,minimal,0.04,0.1929799830842966,0.1929799830842966,0.0,1.0
MIMIC-IV,minimal,0.05,0.1844850355378155,0.1844850355378155,0.0,1.0
MIMIC-IV,minimal,0.06,0.1758093444265157,0.1758093444265157,0.0,1.0
MIMIC-IV,minimal,0.07,0.16694707931282227,0.16694707931282227,0.0,1.0
MIMIC-IV,minimal,0.08,0.15787376962773195,0.1578921562618747,0.0,0.9984493938539611
MIMIC-IV,minimal,0.09,0.14810999544577214,0.1486382239131041,0.0,0.9928108260501832
MIMIC-IV,minimal,0.1,0.13794129624408735,0.1391786486232497,0.0,0.9815336904426276
MIMIC-IV,minimal,0.11,0.12822990151512753,0.1295064986077806,0.0,0.9641950944460107
MIMIC-IV,minimal,0.12,0.11748084168439399,0.11961452700105084,0.0,0.9275444037214547
MIMIC-IV,minimal,0.13,0.10727699302308247,0.10949515374818934,0.0,0.8749647589512264
MIMIC-IV,minimal,0.14,0.0943771677342792,0.09914044623363341,0.0,0.8067380885255145
MIMIC-IV,minimal,0.15,0.07895653327584204,0.08854209854226439,0.0,0.7113053284465746
MIMIC-IV,minimal,0.16,0.06467571522547558,0.0776914092391961,0.0,0.6075556808570624
MIMIC-IV,minimal,0.17,0.047975380518408564,0.06657925754328278,0.0,0.4871722582464054
MIMIC-IV,minimal,0.18,0.036984191381242836,0.05519607775722529,0.0,0.37736115026783196
MIMIC-IV,minimal,0.19,0.027200868757113472,0.04353183180361078,0.0,0.2720608965322808
MIMIC-IV,minimal,0.2,0.014484071045954325,0.031575979701155915,0.0,0.18311248942768538
MIMIC-IV,minimal,0.21,0.009373226795330696,0.01931744779863892,0.0,0.11375810544121794
MIMIC-IV,minimal,0.22,0.0038060332675500415,0.0067445945652881145,0.0,0.060191711305328445
MIMIC-IV,minimal,0.23,0.0006187778953496469,-0.006154826284513332,0.0,0.027347053848322526
MIMIC-IV,minimal,0.24,0.0006603059664950363,-0.019393705577730597,0.0,0.011418099802650126
MIMIC-IV,minimal,0.25,0.00032891645522037404,-0.03298562165210034,0.0,0.001268677755850014
MIMIC-IV,minimal,0.26,9.143623465585686e-05,-0.046944886809561215,0.0,0.000281928390188892
MIMIC-IV,minimal,0.27,0.0,-0.06128659758777438,0.0,0.0
MIMIC-IV,minimal,0.28,0.0,-0.07602668922093792,0.0,0.0
MIMIC-IV,minimal,0.29,0.0,-0.09118199470292293,0.0,0.0
MIMIC-IV,minimal,0.3,0.0,-0.10677030891296468,0.0,0.0
eICU,minimal,0.02,0.21297242191334165,0.21297242191334165,0.0,1.0
eICU,minimal,0.03,0.20485873554131426,0.20485873554131426,0.0,1.0
eICU,minimal,0.04,0.19657601403653627,0.19657601403653627,0.0,1.0
eICU,minimal,0.05,0.18811891944744719,0.18811891944744719,0.0,1.0
eICU,minimal,0.06,0.17948188667561152,0.17948188667561152,0.0,1.0
eICU,minimal,0.07,0.1706591112635213,0.1706591112635213,0.0,1.0
eICU,minimal,0.08,0.161276570920856,0.1616445363859509,0.0,0.9964908659304366
eICU,minimal,0.09,0.1512409563808057,0.15243183898359872,0.0,0.9845185261636907
eICU,minimal,0.1,0.1402506851985642,0.14301441497230535,0.0,0.9712044586644648
eICU,minimal,0.11,0.12876295486251638,0.13338536345514024,0.0,0.9407575601197234
eICU,minimal,0.12,0.11748562099475508,0.12353746985803958,0.0,0.8998864691918671
eICU,minimal,0.13,0.10305679031678297,0.11346318790238484,0.0,0.8394055114046858
eICU,minimal,0.14,0.08919489135365685,0.10315462031985442,0.0,0.7716998658272267
eICU,minimal,0.15,0.07174904227353032,0.09260349820597036,0.0,0.6805655898441532
eICU,minimal,0.16,0.057025886007205026,0.08180115889889858,0.0,0.577252554443183
eICU,minimal,0.17,0.04271643286946941,0.07073852225912627,0.0,0.45866446485705437
eICU,minimal,0.18,0.030169994134661135,0.05940606521350589,0.0,0.3493652595727113
eICU,minimal,0.19,0.01937286651911485,0.047793794413672624,0.0,0.23573124161420167
eICU,minimal,0.2,0.011430488182474968,0.035891216843843526,0.0,0.16637423882753638
eICU,minimal,0.21,0.006016218313603709,0.023687308196297274,0.0,0.11301475900505728
eICU,minimal,0.22,0.0014317055291356053,0.011170478814198498,0.0,0.06904737330993911
eICU,minimal,0.23,0.00026405630699159396,-0.0016714630193833402,0.0,0.03725874703271752
eICU,minimal,0.24,0.000575802184789045,-0.014851350690691018,0.0,0.012798018371348953
eICU,minimal,0.25,0.0,-0.028382702033233537,0.0,0.0
eICU,minimal,0.26,0.0,-0.04227976557422322,0.0,0.0
eICU,minimal,0.27,0.0,-0.056557570582089295,0.0,0.0
eICU,minimal,0.28,0.0,-0.07123198128461836,0.0,0.0
eICU,minimal,0.29,0.0,-0.08631975566890873,0.0,0.0
eICU,minimal,0.3,0.0,-0.10183860932132169,0.0,0.0
MIMIC-IV,extended_common,0.02,0.20396080620012313,0.2094497793478824,0.0,0.965886664787144
MIMIC-IV,extended_common,0.03,0.1933665446914628,0.20129977707311827,0.0,0.9510854243022272
MIMIC-IV,extended_common,0.04,0.18320059204961942,0.1929799830842966,0.0,0.9316323653791937
MIMIC-IV,extended_common,0.05,0.17167955128870951,0.1844850355378155,0.0,0.9049901325063434
MIMIC-IV,extended_common,0.06,0.1598114079023928,0.1758093444265157,0.0,0.8700310121229208
MIMIC-IV,extended_common,0.07,0.14766984669764846,0.16694707931282227,0.0,0.8271778968142092
MIMIC-IV,extended_common,0.08,0.13443081109572083,0.1578921562618747,0.0,0.7834789963349309
MIMIC-IV,extended_common,0.09,0.12261406481874482,0.1486382239131041,0.0,0.7321680293205526
MIMIC-IV,extended_common,0.1,0.11208219778842841,0.1391786486232497,0.0,0.6786016351846631
MIMIC-IV,extended_common,0.11,0.10147521405967379,0.1295064986077806,0.0,0.6219340287566958
MIMIC-IV,extended_common,0.12,0.09101801778711846,0.11961452700105084,0.0,0.5694953481815619
MIMIC-IV,extended_common,0.13,0.0806298993159186,0.10949515374818934,0.0,0.5143783478996335
MIMIC-IV,extended_common,0.14,0.07037063748598552,0.09914044623363341,0.0,0.4668734141528052
MIMIC-IV,extended_common,0.15,0.0622812981973167,0.08854209854226439,0.0,0.4261347617705103
MIMIC-IV,extended_common,0.16,0.05402956220548552,0.0776914092391961,0.0,0.38680575133915984
MIMIC-IV,extended_common,0.17,0.0462277641719967,0.06657925754328278,0.0,0.35142373837045393
MIMIC-IV,extended_common,0.18,0.04155693234406266,0.05519607775722529,0.0,0.31815618832816467
MIMIC-IV,extended_common,0.19,0.035761398086367545,0.04353183180361078,0.0,0.28601635184663093
MIMIC-IV,extended_common,0.2,0.03083591767691006,0.031575979701155915,0.0,0.2607837609247251
MIMIC-IV,extended_common,0.21,0.025616227655390733,0.01931744779863892,0.0,0.23456442063715816
MIMIC-IV,extended_common,0.22,0.022297644090708647,0.0067445945652881145,0.0,0.2144065407386524
MIMIC-IV,extended_common,0.23,0.018248455801317377,-0.006154826284513332,0.0,0.19509444601071327
MIMIC-IV,extended_common,0.24,0.014652857121659521,-0.019393705577730597,0.0,0.17620524386805753
MIMIC-IV,extended_common,0.25,0.012216896908185323,-0.03298562165210034,0.0,0.16126303918804624
MIMIC-IV,extended_common,0.26,0.010576124475194106,-0.046944886809561215,0.0,0.1477304764589794
MIMIC-IV,extended_common,0.27,0.008635505211813187,-0.06128659758777438,0.0,0.13588948407104595
MIMIC-IV,extended_common,0.28,0.007392788898286498,-0.07602668922093792,0.0,0.12447138426839582
MIMIC-IV,extended_common,0.29,0.005553195122241769,-0.09118199470292293,0.0,0.11375810544121794
MIMIC-IV,extended_common,0.3,0.003363002940110351,-0.10677030891296468,0.0,0.10304482661404003
eICU,extended_common,0.02,0.20983821333260314,0.21297242191334165,0.0,0.9781195169780164
eICU,extended_common,0.03,0.19935882225884813,0.20485873554131426,0.0,0.9610898957580761
eICU,extended_common,0.04,0.18747204733890666,0.19657601403653627,0.0,0.93724842605016
eICU,extended_common,0.05,0.1762606536984426,0.18811891944744719,0.0,0.9136133759933945
eICU,extended_common,0.06,0.1640992307574064,0.17948188667561152,0.0,0.8797605532046651
eICU,extended_common,0.07,0.15213128289813188,0.1706591112635213,0.0,0.8436371142532769
eICU,extended_common,0.08,0.1410205208057546,0.1616445363859509,0.0,0.8114356486737537
eICU,extended_common,0.09,0.12863346788416455,0.15243183898359872,0.0,0.7715966560016514
eICU,extended_common,0.1,0.1169023291017305,0.14301441497230535,0.0,0.7313448240272474
eICU,extended_common,0.11,0.10571933189612687,0.13338536345514024,0.0,0.6890287955413356
eICU,extended_common,0.12,0.09590069338237366,0.12353746985803958,0.0,0.6513572092063165
eICU,extended_common,0.13,0.08451461130823792,0.11346318790238484,0.0,0.6133759933945712
eICU,extended_common,0.14,0.07659129149094994,0.10315462031985442,0.0,0.5748787284549489
eICU,extended_common,0.15,0.06736566026968119,0.09260349820597036,0.0,0.5395809681081639
eICU,extended_common,0.16,0.059301416923462524,0.08180115889889858,0.0,0.5053153060171328
eICU,extended_common,0.17,0.05202770002499417,0.07073852225912627,0.0,0.4727010011353081
eICU,extended_common,0.18,0.04488620487402109,0.05940606521350589,0.0,0.442873361544019
eICU,extended_common,0.19,0.03869221683237578,0.047793794413672624,0.0,0.4113943647435236
eICU,extended_common,0.2,0.03374961296315408,0.035891216843843526,0.0,0.38259882340798845
eICU,extended_common,0.21,0.028434960172765422,0.023687308196297274,0.0,0.3545257508514811
eICU,extended_common,0.22,0.021891068645119624,0.011170478814198498,0.0,0.3300650221901125
eICU,extended_common,0.23,0.017162319567108508,-0.0016714630193833402,0.0,0.3046754050985654
eICU,extended_common,0.24,0.012743697410519797,-0.014851350690691018,0.0,0.2821756631231293
eICU,extended_common,0.25,0.009632917053703519,-0.028382702033233537,0.0,0.26174011765920113
eICU,extended_common,0.26,0.005718382227825926,-0.04227976557422322,0.0,0.24254309010217773
eICU,extended_common,0.27,0.0023073758265622357,-0.056557570582089295,0.0,0.2254102590566622
eICU,extended_common,0.28,0.00026949232233574455,-0.07123198128461836,0.0,0.20683249045309113
eICU,extended_common,0.29,-0.0028855141375656174,-0.08631975566890873,0.0,0.19248632469811125
eICU,extended_common,0.3,-0.005175235539566232,-0.10183860932132169,0.0,0.17721127051295282
