model,database,retention_target,mechanism,strength,method,evaluation_target,metric,n_replicates,mean,sd,q025,q975,truth,bias,rmse
clinical_table_ridge,VitalDB,0.35,mixed_MNAR,strong,AIPW_design_probability,reconstructed,event_rate,300,0.10536161818790128,0.020023137531339014,0.06974741622940041,0.15445896323061964,0.1419753086419753,-0.03661369045407402,0.041715128492474676
clinical_table_ridge,VitalDB,0.35,mixed_MNAR,strong,AIPW_design_probability,reconstructed,oe,300,1.0514061553856904,0.19981137735602417,0.6960111661825279,1.5413497579881885,1.4167750646420618,-0.36536890925637144,0.416276283755191
clinical_table_ridge,VitalDB,0.35,mixed_MNAR,strong,AIPW_design_probability,reconstructed,outcome_observed_fraction,300,0.3175411522633745,0.020174298089363562,0.2777777777777778,0.3549382716049383,,,
clinical_table_ridge,VitalDB,0.35,mixed_MNAR,strong,AIPW_design_probability,reconstructed,reconstructed_sensitivity,300,0.5468115942028985,0.06264555623007553,0.43478260869565216,0.6739130434782609,,,
clinical_table_ridge,VitalDB,0.35,mixed_MNAR,strong,AIPW_design_probability,reconstructed,ess,300,47.239820830837985,10.2576547465937,25.268306335565242,64.12894842535252,324.0,-276.76017916916203,276.949572166205
clinical_table_ridge,VitalDB,0.35,mixed_MNAR,strong,AIPW_design_probability,reconstructed,event_rate_se,300,0.02407161908368523,0.005902845878887219,0.01824214716033832,0.04548904978672576,0.019390267411834264,0.0046813516718509675,0.007526121022625448
clinical_table_ridge,VitalDB,0.35,mixed_MNAR,strong,AIPW_design_probability,reconstructed,event_rate_interval_coverage,300,0.6133333333333333,,,,,,
clinical_table_ridge,VitalDB,0.35,mixed_MNAR,strong,Gamma2_prediction_sensitivity_region,full,event_rate,300,0.12936036715052326,0.009072920252389932,0.1118967898765004,0.14655030900597088,0.1419753086419753,-0.012614941491452036,0.015529978679937011
clinical_table_ridge,VitalDB,0.35,mixed_MNAR,strong,Gamma2_prediction_sensitivity_region,full,outcome_observed_fraction,300,0.3175411522633745,0.020174298089363562,0.2777777777777778,0.3549382716049383,,,
clinical_table_ridge,VitalDB,0.35,mixed_MNAR,strong,Gamma2_prediction_sensitivity_region,full,reconstructed_sensitivity,300,0.5468115942028985,0.06264555623007553,0.43478260869565216,0.6739130434782609,,,
clinical_table_ridge,VitalDB,0.35,mixed_MNAR,strong,Gamma2_prediction_sensitivity_region,full,MNAR_event_rate_coverage,300,0.9433333333333334,,,,,,
clinical_table_ridge,VitalDB,0.35,mixed_MNAR,strong,IPAW_design_probability_truncated99,reconstructed,event_rate,300,0.10842280129733747,0.023863209473619914,0.073072285380926,0.16469419639945676,0.1419753086419753,-0.03355250734463783,0.041150034503094894
clinical_table_ridge,VitalDB,0.35,mixed_MNAR,strong,IPAW_design_probability_truncated99,reconstructed,oe,300,1.0613137154762324,0.2022865351261715,0.7203461678745705,1.5841889823157491,1.4167750646420618,-0.3554613491658294,0.4088229611578003
clinical_table_ridge,VitalDB,0.35,mixed_MNAR,strong,IPAW_design_probability_truncated99,reconstructed,brier,300,0.0848399558465354,0.019888465065180223,0.056272800634025254,0.13324628805842983,0.11053590028892503,-0.025695944442389623,0.03247328286391402
clinical_table_ridge,VitalDB,0.35,mixed_MNAR,strong,IPAW_design_probability_truncated99,reconstructed,auc,300,0.7348935181569055,0.07558411273774161,0.5357132394013352,0.8549224409216951,0.7044103847356897,0.03048313342121578,0.08138265372833513
clinical_table_ridge,VitalDB,0.35,mixed_MNAR,strong,IPAW_design_probability_truncated99,reconstructed,calibration_intercept,300,-0.35794617673142576,0.42553849900751667,-1.7178449319957605,0.28396085330357906,-0.2251105788481786,-0.13283559788324717,0.44511200855003313
clinical_table_ridge,VitalDB,0.35,mixed_MNAR,strong,IPAW_design_probability_truncated99,reconstructed,calibration_slope,300,0.7942648299210183,0.25068893440700724,-0.009900949403613357,1.2093170700727687,0.6581631632744896,0.13610166664652867,0.28488440174680774
clinical_table_ridge,VitalDB,0.35,mixed_MNAR,strong,IPAW_design_probability_truncated99,reconstructed,outcome_observed_fraction,300,0.3175411522633745,0.020174298089363562,0.2777777777777778,0.3549382716049383,,,
clinical_table_ridge,VitalDB,0.35,mixed_MNAR,strong,IPAW_design_probability_truncated99,reconstructed,reconstructed_sensitivity,300,0.5468115942028985,0.06264555623007553,0.43478260869565216,0.6739130434782609,,,
clinical_table_ridge,VitalDB,0.35,mixed_MNAR,strong,IPAW_design_probability_truncated99,reconstructed,ess,300,52.48039396440061,7.501058463770846,38.06076014291781,66.6773910992363,324.0,-271.5196060355994,271.6228539480378
clinical_table_ridge,VitalDB,0.35,mixed_MNAR,strong,IPAW_design_probability_truncated99,reconstructed,event_rate_se,300,0.026063578219894912,0.006140887277081898,0.017934955099327382,0.043484918715550415,0.019390267411834264,0.006673310808060648,0.009061891195310135
clinical_table_ridge,VitalDB,0.35,mixed_MNAR,strong,IPAW_design_probability_truncated99,reconstructed,weight_p99,300,16.139486327532182,4.3596359526622726,9.604958262096092,25.909115783902777,,,
clinical_table_ridge,VitalDB,0.35,mixed_MNAR,strong,IPAW_design_probability_truncated99,reconstructed,weight_max,300,16.38957449150208,4.457900337763646,9.773671153061624,26.160373798124105,,,
clinical_table_ridge,VitalDB,0.35,mixed_MNAR,strong,IPAW_design_probability_truncated99,reconstructed,event_rate_interval_coverage,300,0.66,,,,,,
clinical_table_ridge,VitalDB,0.35,mixed_MNAR,strong,IPAW_design_probability_untruncated,reconstructed,event_rate,300,0.10573899786097295,0.023626688589283323,0.07064608799938685,0.16014236615351068,0.1419753086419753,-0.036236310781002354,0.043236904352648105
clinical_table_ridge,VitalDB,0.35,mixed_MNAR,strong,IPAW_design_probability_untruncated,reconstructed,oe,300,1.055798163026483,0.20134144910405813,0.7161105183138416,1.5576418535705776,1.4167750646420618,-0.3609769016155788,0.4131677319163259
clinical_table_ridge,VitalDB,0.35,mixed_MNAR,strong,IPAW_design_probability_untruncated,reconstructed,brier,300,0.08275590109273817,0.01964104834541952,0.05346717173892326,0.12572681649106557,0.11053590028892503,-0.027779999196186858,0.03400313563256913
clinical_table_ridge,VitalDB,0.35,mixed_MNAR,strong,IPAW_design_probability_untruncated,reconstructed,auc,300,0.7410483248697657,0.07590538862741247,0.5387050023917397,0.8585860723403322,0.7044103847356897,0.03663794013407595,0.08417102383364708
clinical_table_ridge,VitalDB,0.35,mixed_MNAR,strong,IPAW_design_probability_untruncated,reconstructed,calibration_intercept,300,-0.3442382375917427,0.4253124772872047,-1.668381236124419,0.30287842643923396,-0.2251105788481786,-0.11912765874356412,0.44099788367154497
clinical_table_ridge,VitalDB,0.35,mixed_MNAR,strong,IPAW_design_probability_untruncated,reconstructed,calibration_slope,300,0.805873425303474,0.24947269652001353,-0.0036437410396040013,1.2140818521985244,0.6581631632744896,0.1477102620289843,0.2895643147844846
clinical_table_ridge,VitalDB,0.35,mixed_MNAR,strong,IPAW_design_probability_untruncated,reconstructed,outcome_observed_fraction,300,0.3175411522633745,0.020174298089363562,0.2777777777777778,0.3549382716049383,,,
clinical_table_ridge,VitalDB,0.35,mixed_MNAR,strong,IPAW_design_probability_untruncated,reconstructed,reconstructed_sensitivity,300,0.5468115942028985,0.06264555623007553,0.43478260869565216,0.6739130434782609,,,
clinical_table_ridge,VitalDB,0.35,mixed_MNAR,strong,IPAW_design_probability_untruncated,reconstructed,ess,300,47.239820830837985,10.2576547465937,25.268306335565242,64.12894842535252,324.0,-276.76017916916203,276.949572166205
clinical_table_ridge,VitalDB,0.35,mixed_MNAR,strong,IPAW_design_probability_untruncated,reconstructed,event_rate_se,300,0.02605442576258643,0.006136946476139804,0.017737819995997765,0.04312050782926827,0.019390267411834264,0.006664158350752167,0.009052490165772139
clinical_table_ridge,VitalDB,0.35,mixed_MNAR,strong,IPAW_design_probability_untruncated,reconstructed,weight_p99,300,16.38957449150208,4.457900337763646,9.773671153061624,26.160373798124105,,,
clinical_table_ridge,VitalDB,0.35,mixed_MNAR,strong,IPAW_design_probability_untruncated,reconstructed,weight_max,300,25.098537340759982,12.906765166631228,12.011344228647793,60.16387364891232,,,
clinical_table_ridge,VitalDB,0.35,mixed_MNAR,strong,IPAW_design_probability_untruncated,reconstructed,event_rate_interval_coverage,300,0.6366666666666667,,,,,,
clinical_table_ridge,VitalDB,0.35,mixed_MNAR,strong,full_reference,full,event_rate,300,0.1419753086419753,0.0,0.1419753086419753,0.1419753086419753,0.1419753086419753,0.0,0.0
clinical_table_ridge,VitalDB,0.35,mixed_MNAR,strong,full_reference,full,oe,300,1.416775064642062,2.224156070299059e-16,1.4167750646420618,1.4167750646420618,1.4167750646420618,2.220446049250313e-16,0.0
clinical_table_ridge,VitalDB,0.35,mixed_MNAR,strong,full_reference,full,brier,300,0.11053590028892503,0.0,0.11053590028892503,0.11053590028892503,0.11053590028892503,0.0,0.0
clinical_table_ridge,VitalDB,0.35,mixed_MNAR,strong,full_reference,full,auc,300,0.7044103847356897,0.0,0.7044103847356897,0.7044103847356897,0.7044103847356897,0.0,0.0
clinical_table_ridge,VitalDB,0.35,mixed_MNAR,strong,full_reference,full,calibration_intercept,300,-0.2251105788481786,0.0,-0.2251105788481786,-0.2251105788481786,-0.2251105788481786,0.0,0.0
clinical_table_ridge,VitalDB,0.35,mixed_MNAR,strong,full_reference,full,calibration_slope,300,0.6581631632744896,0.0,0.6581631632744896,0.6581631632744896,0.6581631632744896,0.0,0.0
clinical_table_ridge,VitalDB,0.35,mixed_MNAR,strong,full_reference,full,outcome_observed_fraction,300,0.3175411522633745,0.020174298089363562,0.2777777777777778,0.3549382716049383,,,
clinical_table_ridge,VitalDB,0.35,mixed_MNAR,strong,full_reference,full,reconstructed_sensitivity,300,0.5468115942028985,0.06264555623007553,0.43478260869565216,0.6739130434782609,,,
clinical_table_ridge,VitalDB,0.35,mixed_MNAR,strong,full_reference,full,ess,300,324.0,0.0,324.0,324.0,324.0,0.0,0.0
clinical_table_ridge,VitalDB,0.35,mixed_MNAR,strong,full_reference,full,event_rate_se,300,0.01939026741183426,3.475243859842279e-18,0.019390267411834264,0.019390267411834264,0.019390267411834264,-3.469446951953614e-18,0.0
clinical_table_ridge,VitalDB,0.35,mixed_MNAR,strong,full_reference,full,event_rate_interval_coverage,300,1.0,,,,,,
clinical_table_ridge,VitalDB,0.35,mixed_MNAR,strong,naive,reconstructed,event_rate,300,0.24726011278831517,0.030493098998017366,0.1906704781704782,0.30851063829787234,0.1419753086419753,0.10528480414633987,0.10959753482787689
clinical_table_ridge,VitalDB,0.35,mixed_MNAR,strong,naive,reconstructed,oe,300,1.3939667760471393,0.16579118154025346,1.0828848206483286,1.7087805102627893,1.4167750646420618,-0.022808288594922566,0.16707875843112888
clinical_table_ridge,VitalDB,0.35,mixed_MNAR,strong,naive,reconstructed,brier,300,0.16943958195424216,0.021801631257740834,0.13256409227438534,0.21449563642928068,0.11053590028892503,0.058903681665317134,0.06279626158306871
clinical_table_ridge,VitalDB,0.35,mixed_MNAR,strong,naive,reconstructed,auc,300,0.6916290653624625,0.04079625078933648,0.6131235704827255,0.777937595129376,0.7044103847356897,-0.01278131937322724,0.042686630496272644
clinical_table_ridge,VitalDB,0.35,mixed_MNAR,strong,naive,reconstructed,calibration_intercept,300,-0.04755049379756892,0.19981868409625755,-0.4231748594262104,0.394077384260235,-0.2251105788481786,0.17756008505060966,0.26706178803557773
clinical_table_ridge,VitalDB,0.35,mixed_MNAR,strong,naive,reconstructed,calibration_slope,300,0.6208726492304076,0.12107548486743187,0.41155938365064026,0.8977747724749509,0.6581631632744896,-0.03729051404408201,0.12649502452706451
clinical_table_ridge,VitalDB,0.35,mixed_MNAR,strong,naive,reconstructed,outcome_observed_fraction,300,0.3175411522633745,0.020174298089363562,0.2777777777777778,0.3549382716049383,,,
clinical_table_ridge,VitalDB,0.35,mixed_MNAR,strong,naive,reconstructed,reconstructed_sensitivity,300,0.5468115942028985,0.06264555623007553,0.43478260869565216,0.6739130434782609,,,
clinical_table_ridge,VitalDB,0.35,mixed_MNAR,strong,naive,reconstructed,ess,300,102.88333333333334,6.536472580953794,90.0,115.0,324.0,-221.11666666666667,221.212936631955
clinical_table_ridge,VitalDB,0.35,mixed_MNAR,strong,naive,reconstructed,event_rate_se,300,0.04247467112283807,0.0025881948269893423,0.03754097615500366,0.04786779003882188,0.019390267411834264,0.023084403711003808,0.023228562546575845
clinical_table_ridge,VitalDB,0.35,mixed_MNAR,strong,naive,reconstructed,event_rate_interval_coverage,300,0.20666666666666667,,,,,,
clinical_table_ridge,VitalDB,0.35,mixed_MNAR,strong,recalibration_intercept_apparent,reconstructed,event_rate,300,0.24726011278831517,0.030493098998017366,0.1906704781704782,0.30851063829787234,,,
clinical_table_ridge,VitalDB,0.35,mixed_MNAR,strong,recalibration_intercept_apparent,reconstructed,oe,300,0.9975824642496108,0.03629376789004516,0.9182871875014028,1.0600167989578757,1.0,-0.002417535750389166,0.03631378904496236
clinical_table_ridge,VitalDB,0.35,mixed_MNAR,strong,recalibration_intercept_apparent,reconstructed,brier,300,0.1731958964887776,0.021532718915837728,0.13440163719546644,0.2154030774772513,,,
clinical_table_ridge,VitalDB,0.35,mixed_MNAR,strong,recalibration_intercept_apparent,reconstructed,auc,300,0.6738708379226866,0.046516496219677024,0.5878713603937675,0.7675809304994757,,,
clinical_table_ridge,VitalDB,0.35,mixed_MNAR,strong,recalibration_intercept_apparent,reconstructed,calibration_intercept,300,-0.44968995916973437,0.14168526563790468,-0.7234084082794352,-0.16622073283178823,0.0,-0.44968995916973437,0.4714115592154744
clinical_table_ridge,VitalDB,0.35,mixed_MNAR,strong,recalibration_intercept_apparent,reconstructed,calibration_slope,300,0.5548619026762958,0.1329637817800153,0.2996324477599109,0.8159878847649569,1.0,-0.44513809732370424,0.46450873159715056
clinical_table_ridge,VitalDB,0.35,mixed_MNAR,strong,recalibration_intercept_apparent,reconstructed,outcome_observed_fraction,300,0.3175411522633745,0.020174298089363562,0.2777777777777778,0.3549382716049383,,,
clinical_table_ridge,VitalDB,0.35,mixed_MNAR,strong,recalibration_intercept_apparent,reconstructed,reconstructed_sensitivity,300,0.5468115942028985,0.06264555623007553,0.43478260869565216,0.6739130434782609,,,
clinical_table_ridge,VitalDB,0.35,mixed_MNAR,strong,recalibration_intercept_apparent,reconstructed,ess,300,102.88333333333334,6.536472580953794,90.0,115.0,,,
clinical_table_ridge,VitalDB,0.35,mixed_MNAR,strong,recalibration_intercept_apparent,reconstructed,event_rate_se,300,0.04247467112283807,0.0025881948269893423,0.03754097615500366,0.04786779003882188,,,
clinical_table_ridge,VitalDB,0.35,mixed_MNAR,strong,recalibration_intercept_slope_apparent,reconstructed,event_rate,300,0.24726011278831517,0.030493098998017366,0.1906704781704782,0.30851063829787234,,,
clinical_table_ridge,VitalDB,0.35,mixed_MNAR,strong,recalibration_intercept_slope_apparent,reconstructed,oe,300,1.0081262628897931,0.05053919616858358,0.9230659444472431,1.1476547449785603,1.0,0.008126262889793123,0.0511051119108716
clinical_table_ridge,VitalDB,0.35,mixed_MNAR,strong,recalibration_intercept_slope_apparent,reconstructed,brier,300,0.17149295304979592,0.021811265253621658,0.13410099551012697,0.22122419042669092,,,
clinical_table_ridge,VitalDB,0.35,mixed_MNAR,strong,recalibration_intercept_slope_apparent,reconstructed,auc,300,0.6588802662374336,0.06036791314405721,0.5427227481353987,0.7620586761603374,,,
clinical_table_ridge,VitalDB,0.35,mixed_MNAR,strong,recalibration_intercept_slope_apparent,reconstructed,calibration_intercept,300,-0.2874459734795098,0.29420623531836576,-0.8548904744591362,0.07009827881190842,0.0,-0.2874459734795098,0.4109671181576307
clinical_table_ridge,VitalDB,0.35,mixed_MNAR,strong,recalibration_intercept_slope_apparent,reconstructed,calibration_slope,300,0.7186939792157139,0.25868806007248885,0.14683984868886685,1.0211596263476805,1.0,-0.2813060207842861,0.38187632122474313
clinical_table_ridge,VitalDB,0.35,mixed_MNAR,strong,recalibration_intercept_slope_apparent,reconstructed,outcome_observed_fraction,300,0.3175411522633745,0.020174298089363562,0.2777777777777778,0.3549382716049383,,,
clinical_table_ridge,VitalDB,0.35,mixed_MNAR,strong,recalibration_intercept_slope_apparent,reconstructed,reconstructed_sensitivity,300,0.5468115942028985,0.06264555623007553,0.43478260869565216,0.6739130434782609,,,
clinical_table_ridge,VitalDB,0.35,mixed_MNAR,strong,recalibration_intercept_slope_apparent,reconstructed,ess,300,102.88333333333334,6.536472580953794,90.0,115.0,,,
clinical_table_ridge,VitalDB,0.35,mixed_MNAR,strong,recalibration_intercept_slope_apparent,reconstructed,event_rate_se,300,0.04247467112283807,0.0025881948269893423,0.03754097615500366,0.04786779003882188,,,
clinical_table_ridge,VitalDB,0.35,mixed_MNAR,strong,recalibration_intercept_slope_truth,full,event_rate,300,0.1419753086419753,0.0,0.1419753086419753,0.1419753086419753,,,
clinical_table_ridge,VitalDB,0.35,mixed_MNAR,strong,recalibration_intercept_slope_truth,full,oe,300,0.8305172312304685,0.1546230988494305,0.5784235054167622,1.1591399440924772,1.0,-0.1694827687695315,0.22924444871198355
clinical_table_ridge,VitalDB,0.35,mixed_MNAR,strong,recalibration_intercept_slope_truth,full,brier,300,0.11517493734655887,0.006113795605080985,0.10913847529606024,0.12946930965237902,,,
clinical_table_ridge,VitalDB,0.35,mixed_MNAR,strong,recalibration_intercept_slope_truth,full,auc,300,0.6787550828902096,0.031225489919988567,0.6061405223647168,0.7082831560838286,,,
clinical_table_ridge,VitalDB,0.35,mixed_MNAR,strong,recalibration_intercept_slope_truth,full,calibration_intercept,300,-0.4824642755403704,0.3514724759372722,-1.2518779256560768,0.07053450187807961,0.0,-0.4824642755403704,0.5965676006760389
clinical_table_ridge,VitalDB,0.35,mixed_MNAR,strong,recalibration_intercept_slope_truth,full,calibration_slope,300,0.8537177854029172,0.2462544215900894,0.33924833079394884,1.323335365405882,1.0,-0.1462822145970828,0.2860726987898721
clinical_table_ridge,VitalDB,0.35,mixed_MNAR,strong,recalibration_intercept_slope_truth,full,outcome_observed_fraction,300,0.3175411522633745,0.020174298089363562,0.2777777777777778,0.3549382716049383,,,
clinical_table_ridge,VitalDB,0.35,mixed_MNAR,strong,recalibration_intercept_slope_truth,full,reconstructed_sensitivity,300,0.5468115942028985,0.06264555623007553,0.43478260869565216,0.6739130434782609,,,
clinical_table_ridge,VitalDB,0.35,mixed_MNAR,strong,recalibration_intercept_slope_truth,full,ess,300,324.0,0.0,324.0,324.0,,,
clinical_table_ridge,VitalDB,0.35,mixed_MNAR,strong,recalibration_intercept_slope_truth,full,event_rate_se,300,0.01939026741183426,3.475243859842279e-18,0.019390267411834264,0.019390267411834264,,,
clinical_table_ridge,VitalDB,0.35,mixed_MNAR,strong,recalibration_intercept_truth,full,event_rate,300,0.1419753086419753,0.0,0.1419753086419753,0.1419753086419753,,,
clinical_table_ridge,VitalDB,0.35,mixed_MNAR,strong,recalibration_intercept_truth,full,oe,300,0.9650596399313639,0.14652327797818068,0.7323583474566586,1.3007302841862969,1.0,-0.0349403600686361,0.15039393665049217
clinical_table_ridge,VitalDB,0.35,mixed_MNAR,strong,recalibration_intercept_truth,full,brier,300,0.11358482176936055,0.0037252727702968345,0.10991157805015647,0.12226847932002875,,,
clinical_table_ridge,VitalDB,0.35,mixed_MNAR,strong,recalibration_intercept_truth,full,auc,300,0.6934329058492337,0.01671906989705125,0.6490010165780419,0.7132878479824837,,,
clinical_table_ridge,VitalDB,0.35,mixed_MNAR,strong,recalibration_intercept_truth,full,calibration_intercept,300,-0.6651530716686911,0.16624490869137823,-0.9910914082024972,-0.3576690854385864,0.0,-0.6651530716686911,0.6855463907355556
clinical_table_ridge,VitalDB,0.35,mixed_MNAR,strong,recalibration_intercept_truth,full,calibration_slope,300,0.6114460378029314,0.06039473800445295,0.4496529615068892,0.6663316007365352,1.0,-0.3885539621970686,0.3932042058562855
clinical_table_ridge,VitalDB,0.35,mixed_MNAR,strong,recalibration_intercept_truth,full,outcome_observed_fraction,300,0.3175411522633745,0.020174298089363562,0.2777777777777778,0.3549382716049383,,,
clinical_table_ridge,VitalDB,0.35,mixed_MNAR,strong,recalibration_intercept_truth,full,reconstructed_sensitivity,300,0.5468115942028985,0.06264555623007553,0.43478260869565216,0.6739130434782609,,,
clinical_table_ridge,VitalDB,0.35,mixed_MNAR,strong,recalibration_intercept_truth,full,ess,300,324.0,0.0,324.0,324.0,,,
clinical_table_ridge,VitalDB,0.35,mixed_MNAR,strong,recalibration_intercept_truth,full,event_rate_se,300,0.01939026741183426,3.475243859842279e-18,0.019390267411834264,0.019390267411834264,,,
clinical_table_ridge,VitalDB,0.35,mixed_MNAR,strong,reference_05pct_recalibration,full_heldout,event_rate,298,0.14189837008628955,0.00642677893273471,0.1292517006802721,0.15306122448979592,,,
clinical_table_ridge,VitalDB,0.35,mixed_MNAR,strong,reference_05pct_recalibration,full_heldout,oe,298,1.3150737807349755,0.8580612232103833,0.4728245698177656,4.0538549766975525,1.0,0.3150737807349755,0.912726601196101
clinical_table_ridge,VitalDB,0.35,mixed_MNAR,strong,reference_05pct_recalibration,full_heldout,brier,298,0.12136648374332067,0.012385750880576654,0.10739049610334774,0.15012175290508287,,,
clinical_table_ridge,VitalDB,0.35,mixed_MNAR,strong,reference_05pct_recalibration,full_heldout,auc,298,0.650346222086143,0.14017539295037607,0.2674881867877328,0.7288373208156673,,,
clinical_table_ridge,VitalDB,0.35,mixed_MNAR,strong,reference_05pct_recalibration,full_heldout,calibration_intercept,298,-1.611558191570139,29.62226664203245,-18.57728134036355,10.71364443315936,0.0,-1.611558191570139,29.616401562043816
clinical_table_ridge,VitalDB,0.35,mixed_MNAR,strong,reference_05pct_recalibration,full_heldout,calibration_slope,298,0.6564307155805467,16.122157915006188,-10.392645922918206,6.620999072366933,1.0,-0.34356928441945334,16.098751118728426
clinical_table_ridge,VitalDB,0.35,mixed_MNAR,strong,reference_05pct_recalibration,full_heldout,outcome_observed_fraction,298,0.31738337890463175,0.020117097817346642,0.2777777777777778,0.3549382716049383,,,
clinical_table_ridge,VitalDB,0.35,mixed_MNAR,strong,reference_05pct_recalibration,full_heldout,reconstructed_sensitivity,298,0.5469798657718121,0.0627968874410611,0.43478260869565216,0.6739130434782609,,,
clinical_table_ridge,VitalDB,0.35,mixed_MNAR,strong,reference_05pct_recalibration,full_heldout,ess,298,294.0,0.0,294.0,294.0,,,
clinical_table_ridge,VitalDB,0.35,mixed_MNAR,strong,reference_05pct_recalibration,full_heldout,event_rate_se,298,0.02034381139356186,0.0003878756161541065,0.019565492543623577,0.020998338616454712,,,
clinical_table_ridge,VitalDB,0.35,mixed_MNAR,strong,reference_05pct_recalibration,full_heldout,reference_sample_n,298,30.0,0.0,30.0,30.0,,,
clinical_table_ridge,VitalDB,0.35,mixed_MNAR,strong,reference_05pct_recalibration,full_heldout,evaluation_n,298,294.0,0.0,294.0,294.0,,,
clinical_table_ridge,VitalDB,0.35,mixed_MNAR,strong,reference_10pct_recalibration,full_heldout,event_rate,299,0.14212322863152088,0.006705653901984726,0.12869415807560136,0.15463917525773196,,,
clinical_table_ridge,VitalDB,0.35,mixed_MNAR,strong,reference_10pct_recalibration,full_heldout,oe,299,1.313662060453447,0.8623396445585981,0.4940408305746961,4.09377210655299,1.0,0.313662060453447,0.9162567844319994
clinical_table_ridge,VitalDB,0.35,mixed_MNAR,strong,reference_10pct_recalibration,full_heldout,brier,299,0.12034654799374811,0.011661829046830314,0.10704154599714838,0.1493366415604456,,,
clinical_table_ridge,VitalDB,0.35,mixed_MNAR,strong,reference_10pct_recalibration,full_heldout,auc,299,0.6621920694665625,0.1268841434790666,0.26438366406713787,0.7297061752988049,,,
clinical_table_ridge,VitalDB,0.35,mixed_MNAR,strong,reference_10pct_recalibration,full_heldout,calibration_intercept,299,3.3604132323448668,27.52600134124961,-9.428517113127349,29.248619297780362,0.0,3.3604132323448668,27.684636129088464
clinical_table_ridge,VitalDB,0.35,mixed_MNAR,strong,reference_10pct_recalibration,full_heldout,calibration_slope,299,2.7251012578494023,16.151407535106816,-3.3160374684714826,15.780228967504225,1.0,1.7251012578494023,16.216395148224212
clinical_table_ridge,VitalDB,0.35,mixed_MNAR,strong,reference_10pct_recalibration,full_heldout,outcome_observed_fraction,299,0.31741607828564355,0.020091273839123073,0.2777777777777778,0.3549382716049383,,,
clinical_table_ridge,VitalDB,0.35,mixed_MNAR,strong,reference_10pct_recalibration,full_heldout,reconstructed_sensitivity,299,0.5469681547186273,0.06269176205203042,0.43478260869565216,0.6739130434782609,,,
clinical_table_ridge,VitalDB,0.35,mixed_MNAR,strong,reference_10pct_recalibration,full_heldout,ess,299,291.0,0.0,291.0,291.0,,,
clinical_table_ridge,VitalDB,0.35,mixed_MNAR,strong,reference_10pct_recalibration,full_heldout,event_rate_se,299,0.020461297374765364,0.0004067186466749325,0.019629336928983956,0.021195044218573513,,,
clinical_table_ridge,VitalDB,0.35,mixed_MNAR,strong,reference_10pct_recalibration,full_heldout,reference_sample_n,299,33.0,0.0,33.0,33.0,,,
clinical_table_ridge,VitalDB,0.35,mixed_MNAR,strong,reference_10pct_recalibration,full_heldout,evaluation_n,299,291.0,0.0,291.0,291.0,,,
clinical_table_ridge,VitalDB,0.35,mixed_MNAR,strong,reference_20pct_recalibration,full_heldout,event_rate,300,0.14265122265122263,0.009873117661360476,0.12355212355212356,0.16216216216216217,,,
clinical_table_ridge,VitalDB,0.35,mixed_MNAR,strong,reference_20pct_recalibration,full_heldout,oe,300,1.1385629989318704,0.4323706992672885,0.576238356105256,2.2129147485406686,1.0,0.1385629989318704,0.453344216005816
clinical_table_ridge,VitalDB,0.35,mixed_MNAR,strong,reference_20pct_recalibration,full_heldout,brier,300,0.11472822877233296,0.008459197073180194,0.10318235919666072,0.13459263028180146,,,
clinical_table_ridge,VitalDB,0.35,mixed_MNAR,strong,reference_20pct_recalibration,full_heldout,auc,300,0.6940573516400463,0.07128254594034615,0.6449834852210811,0.7461251229856442,,,
clinical_table_ridge,VitalDB,0.35,mixed_MNAR,strong,reference_20pct_recalibration,full_heldout,calibration_intercept,300,0.9497026973608707,15.901490500879556,-1.312210369121936,9.039274142511788,0.0,0.9497026973608707,15.903347992244857
clinical_table_ridge,VitalDB,0.35,mixed_MNAR,strong,reference_20pct_recalibration,full_heldout,calibration_slope,300,1.4690528544036907,8.05172675196851,0.25876505982900894,5.896644964602197,1.0,0.4690528544036907,8.051969526537906
clinical_table_ridge,VitalDB,0.35,mixed_MNAR,strong,reference_20pct_recalibration,full_heldout,outcome_observed_fraction,300,0.3175411522633745,0.020174298089363562,0.2777777777777778,0.3549382716049383,,,
clinical_table_ridge,VitalDB,0.35,mixed_MNAR,strong,reference_20pct_recalibration,full_heldout,reconstructed_sensitivity,300,0.5468115942028985,0.06264555623007553,0.43478260869565216,0.6739130434782609,,,
clinical_table_ridge,VitalDB,0.35,mixed_MNAR,strong,reference_20pct_recalibration,full_heldout,ess,300,259.0,0.0,259.0,259.0,,,
clinical_table_ridge,VitalDB,0.35,mixed_MNAR,strong,reference_20pct_recalibration,full_heldout,event_rate_se,300,0.021712534171101954,0.0006324581122317794,0.020447408414756684,0.022903658837129595,,,
clinical_table_ridge,VitalDB,0.35,mixed_MNAR,strong,reference_20pct_recalibration,full_heldout,reference_sample_n,300,65.0,0.0,65.0,65.0,,,
clinical_table_ridge,VitalDB,0.35,mixed_MNAR,strong,reference_20pct_recalibration,full_heldout,evaluation_n,300,259.0,0.0,259.0,259.0,,,
clinical_table_ridge,VitalDB,0.35,mixed_MNAR,strong,reference_30pct_recalibration,full_heldout,event_rate,300,0.1421386430678466,0.012667114839390592,0.11946902654867257,0.16371681415929204,,,
clinical_table_ridge,VitalDB,0.35,mixed_MNAR,strong,reference_30pct_recalibration,full_heldout,oe,300,1.0695320139052436,0.3269534039966251,0.6066344398656247,1.8178136606036128,1.0,0.06953201390524355,0.33373177989929187
clinical_table_ridge,VitalDB,0.35,mixed_MNAR,strong,reference_30pct_recalibration,full_heldout,brier,300,0.11237090099556137,0.009246281818927171,0.097739072693901,0.13305924443125003,,,
clinical_table_ridge,VitalDB,0.35,mixed_MNAR,strong,reference_30pct_recalibration,full_heldout,auc,300,0.7049853818459635,0.028958449841418016,0.6445953153988868,0.7571091161835969,,,
clinical_table_ridge,VitalDB,0.35,mixed_MNAR,strong,reference_30pct_recalibration,full_heldout,calibration_intercept,300,0.3306945781426832,1.2313161883425607,-0.9802095764616545,3.994645067286205,0.0,0.3306945781426832,1.2729668735550446
clinical_table_ridge,VitalDB,0.35,mixed_MNAR,strong,reference_30pct_recalibration,full_heldout,calibration_slope,300,1.174331226732891,0.6573240528238198,0.406155633001561,2.949672996503278,1.0,0.17433122673289092,0.6789889817467762
clinical_table_ridge,VitalDB,0.35,mixed_MNAR,strong,reference_30pct_recalibration,full_heldout,outcome_observed_fraction,300,0.3175411522633745,0.020174298089363562,0.2777777777777778,0.3549382716049383,,,
clinical_table_ridge,VitalDB,0.35,mixed_MNAR,strong,reference_30pct_recalibration,full_heldout,reconstructed_sensitivity,300,0.5468115942028985,0.06264555623007553,0.43478260869565216,0.6739130434782609,,,
clinical_table_ridge,VitalDB,0.35,mixed_MNAR,strong,reference_30pct_recalibration,full_heldout,ess,300,226.0,0.0,226.0,226.0,,,
clinical_table_ridge,VitalDB,0.35,mixed_MNAR,strong,reference_30pct_recalibration,full_heldout,event_rate_se,300,0.02319629514888888,0.0008736829619364075,0.021574749482665082,0.024613258075699584,,,
clinical_table_ridge,VitalDB,0.35,mixed_MNAR,strong,reference_30pct_recalibration,full_heldout,reference_sample_n,300,98.0,0.0,98.0,98.0,,,
clinical_table_ridge,VitalDB,0.35,mixed_MNAR,strong,reference_30pct_recalibration,full_heldout,evaluation_n,300,226.0,0.0,226.0,226.0,,,
duration_adjusted_clinical_ridge,VitalDB,0.35,mixed_MNAR,strong,AIPW_design_probability,reconstructed,event_rate,300,0.10512655754748743,0.019983881004782007,0.07250776048196557,0.153609656473347,0.1419753086419753,-0.036848751094487875,0.041902920807943264
duration_adjusted_clinical_ridge,VitalDB,0.35,mixed_MNAR,strong,AIPW_design_probability,reconstructed,oe,300,1.0558063432413887,0.20070198073307136,0.7282094576007186,1.542731479763618,1.4258854750393577,-0.37007913179796903,0.42083913543334195
duration_adjusted_clinical_ridge,VitalDB,0.35,mixed_MNAR,strong,AIPW_design_probability,reconstructed,outcome_observed_fraction,300,0.3168518518518519,0.020014483176672666,0.2777777777777778,0.3549382716049383,,,
duration_adjusted_clinical_ridge,VitalDB,0.35,mixed_MNAR,strong,AIPW_design_probability,reconstructed,reconstructed_sensitivity,300,0.545,0.06199353340666779,0.41304347826086957,0.6739130434782609,,,
duration_adjusted_clinical_ridge,VitalDB,0.35,mixed_MNAR,strong,AIPW_design_probability,reconstructed,ess,300,46.6128795833915,10.235078257513475,22.79338792181347,63.19719770614328,324.0,-277.38712041660847,277.5752550400204
duration_adjusted_clinical_ridge,VitalDB,0.35,mixed_MNAR,strong,AIPW_design_probability,reconstructed,event_rate_se,300,0.02391741644054142,0.006364718822823899,0.018176613050021773,0.048386878744258975,0.019390267411834264,0.004527149028707156,0.007801903092798637
duration_adjusted_clinical_ridge,VitalDB,0.35,mixed_MNAR,strong,AIPW_design_probability,reconstructed,event_rate_interval_coverage,300,0.59,,,,,,
duration_adjusted_clinical_ridge,VitalDB,0.35,mixed_MNAR,strong,Gamma2_prediction_sensitivity_region,full,event_rate,300,0.12757602653268912,0.008905870143207605,0.10975297888243857,0.14481924462735885,0.1419753086419753,-0.014399282109286177,0.016923045427083335
duration_adjusted_clinical_ridge,VitalDB,0.35,mixed_MNAR,strong,Gamma2_prediction_sensitivity_region,full,outcome_observed_fraction,300,0.3168518518518519,0.020014483176672666,0.2777777777777778,0.3549382716049383,,,
duration_adjusted_clinical_ridge,VitalDB,0.35,mixed_MNAR,strong,Gamma2_prediction_sensitivity_region,full,reconstructed_sensitivity,300,0.545,0.06199353340666779,0.41304347826086957,0.6739130434782609,,,
duration_adjusted_clinical_ridge,VitalDB,0.35,mixed_MNAR,strong,Gamma2_prediction_sensitivity_region,full,MNAR_event_rate_coverage,300,0.92,,,,,,
duration_adjusted_clinical_ridge,VitalDB,0.35,mixed_MNAR,strong,IPAW_design_probability_truncated99,reconstructed,event_rate,300,0.10842937383218164,0.02399697393041843,0.0715382340486701,0.16803819195079803,0.1419753086419753,-0.03354593480979366,0.04122214191694455
duration_adjusted_clinical_ridge,VitalDB,0.35,mixed_MNAR,strong,IPAW_design_probability_truncated99,reconstructed,oe,300,1.064307486786697,0.20090951832994175,0.7481122900880142,1.565236526975304,1.4258854750393577,-0.36157798825266063,0.4134836482408445
duration_adjusted_clinical_ridge,VitalDB,0.35,mixed_MNAR,strong,IPAW_design_probability_truncated99,reconstructed,brier,300,0.0842860599127753,0.020120736556055747,0.05585328734738492,0.13364942745102726,0.10984553020871128,-0.025559470295935985,0.03250816945377225
duration_adjusted_clinical_ridge,VitalDB,0.35,mixed_MNAR,strong,IPAW_design_probability_truncated99,reconstructed,auc,300,0.7284296401095387,0.07475733923257412,0.5209011011913065,0.8466379135987231,0.7002658742571161,0.02816376585242264,0.07976984775105904
duration_adjusted_clinical_ridge,VitalDB,0.35,mixed_MNAR,strong,IPAW_design_probability_truncated99,reconstructed,calibration_intercept,300,-0.3749844569873125,0.4302662685752487,-1.7991815984785056,0.21945181973775565,-0.23078272819728962,-0.14420172879002285,0.45310716567583337
duration_adjusted_clinical_ridge,VitalDB,0.35,mixed_MNAR,strong,IPAW_design_probability_truncated99,reconstructed,calibration_slope,300,0.7828135831596558,0.24955130657128843,-0.04884657635381482,1.1547719810566155,0.6493834923538787,0.13343009080577706,0.2826160957232213
duration_adjusted_clinical_ridge,VitalDB,0.35,mixed_MNAR,strong,IPAW_design_probability_truncated99,reconstructed,outcome_observed_fraction,300,0.3168518518518519,0.020014483176672666,0.2777777777777778,0.3549382716049383,,,
duration_adjusted_clinical_ridge,VitalDB,0.35,mixed_MNAR,strong,IPAW_design_probability_truncated99,reconstructed,reconstructed_sensitivity,300,0.545,0.06199353340666779,0.41304347826086957,0.6739130434782609,,,
duration_adjusted_clinical_ridge,VitalDB,0.35,mixed_MNAR,strong,IPAW_design_probability_truncated99,reconstructed,ess,300,51.8962185820903,7.5811298155725355,38.04217716733404,66.22706160369168,324.0,-272.1037814179097,272.2090186102863
duration_adjusted_clinical_ridge,VitalDB,0.35,mixed_MNAR,strong,IPAW_design_probability_truncated99,reconstructed,event_rate_se,300,0.026099617293245128,0.006336109669887826,0.017954184101081377,0.0448875550444997,0.019390267411834264,0.006709349881410864,0.00922105420369807
duration_adjusted_clinical_ridge,VitalDB,0.35,mixed_MNAR,strong,IPAW_design_probability_truncated99,reconstructed,weight_p99,300,16.50638793512193,4.88489341925406,9.31422193933657,27.772058956736288,,,
duration_adjusted_clinical_ridge,VitalDB,0.35,mixed_MNAR,strong,IPAW_design_probability_truncated99,reconstructed,weight_max,300,16.77395484492032,5.0038541314090805,9.41118103159987,28.404820102640777,,,
duration_adjusted_clinical_ridge,VitalDB,0.35,mixed_MNAR,strong,IPAW_design_probability_truncated99,reconstructed,event_rate_interval_coverage,300,0.68,,,,,,
duration_adjusted_clinical_ridge,VitalDB,0.35,mixed_MNAR,strong,IPAW_design_probability_untruncated,reconstructed,event_rate,300,0.10575153097020339,0.024070542957242338,0.07023262861464435,0.16297997012555457,0.1419753086419753,-0.036223777671771915,0.0434697803492214
duration_adjusted_clinical_ridge,VitalDB,0.35,mixed_MNAR,strong,IPAW_design_probability_untruncated,reconstructed,oe,300,1.0594329255709056,0.20127528242337436,0.7454598644352345,1.5403093491678648,1.4258854750393577,-0.36645254946845207,0.4179284283169653
duration_adjusted_clinical_ridge,VitalDB,0.35,mixed_MNAR,strong,IPAW_design_probability_untruncated,reconstructed,brier,300,0.08222573462815727,0.020156079991621445,0.053852153598100444,0.12816552575000575,0.10984553020871128,-0.02761979558055401,0.034172597842981406
duration_adjusted_clinical_ridge,VitalDB,0.35,mixed_MNAR,strong,IPAW_design_probability_untruncated,reconstructed,auc,300,0.7348060369622549,0.07559595824720271,0.517481378477848,0.8500037908897407,0.7002658742571161,0.03454016270513882,0.08299832877835095
duration_adjusted_clinical_ridge,VitalDB,0.35,mixed_MNAR,strong,IPAW_design_probability_untruncated,reconstructed,calibration_intercept,300,-0.36257211975288345,0.43236744625396406,-1.7780275780628834,0.2217644521313246,-0.23078272819728962,-0.13178939155559383,0.45131686608357646
duration_adjusted_clinical_ridge,VitalDB,0.35,mixed_MNAR,strong,IPAW_design_probability_untruncated,reconstructed,calibration_slope,300,0.7937065776129164,0.24981378725979933,-0.056981950051235526,1.1678107465477157,0.6493834923538787,0.1443230852590377,0.28814589733227414
duration_adjusted_clinical_ridge,VitalDB,0.35,mixed_MNAR,strong,IPAW_design_probability_untruncated,reconstructed,outcome_observed_fraction,300,0.3168518518518519,0.020014483176672666,0.2777777777777778,0.3549382716049383,,,
duration_adjusted_clinical_ridge,VitalDB,0.35,mixed_MNAR,strong,IPAW_design_probability_untruncated,reconstructed,reconstructed_sensitivity,300,0.545,0.06199353340666779,0.41304347826086957,0.6739130434782609,,,
duration_adjusted_clinical_ridge,VitalDB,0.35,mixed_MNAR,strong,IPAW_design_probability_untruncated,reconstructed,ess,300,46.6128795833915,10.235078257513475,22.79338792181347,63.19719770614328,324.0,-277.38712041660847,277.5752550400204
duration_adjusted_clinical_ridge,VitalDB,0.35,mixed_MNAR,strong,IPAW_design_probability_untruncated,reconstructed,event_rate_se,300,0.026118404891318104,0.006392183734232389,0.017862890201855573,0.044384080519342686,0.019390267411834264,0.00672813747948384,0.009273168109769515
duration_adjusted_clinical_ridge,VitalDB,0.35,mixed_MNAR,strong,IPAW_design_probability_untruncated,reconstructed,weight_p99,300,16.77395484492032,5.0038541314090805,9.41118103159987,28.404820102640777,,,
duration_adjusted_clinical_ridge,VitalDB,0.35,mixed_MNAR,strong,IPAW_design_probability_untruncated,reconstructed,weight_max,300,25.639084566857004,13.618186274430137,11.943956316766121,66.16805094509895,,,
duration_adjusted_clinical_ridge,VitalDB,0.35,mixed_MNAR,strong,IPAW_design_probability_untruncated,reconstructed,event_rate_interval_coverage,300,0.6433333333333333,,,,,,
duration_adjusted_clinical_ridge,VitalDB,0.35,mixed_MNAR,strong,full_reference,full,event_rate,300,0.1419753086419753,0.0,0.1419753086419753,0.1419753086419753,0.1419753086419753,0.0,0.0
duration_adjusted_clinical_ridge,VitalDB,0.35,mixed_MNAR,strong,full_reference,full,oe,300,1.425885475039358,2.224156070299059e-16,1.4258854750393577,1.4258854750393577,1.4258854750393577,2.220446049250313e-16,0.0
duration_adjusted_clinical_ridge,VitalDB,0.35,mixed_MNAR,strong,full_reference,full,brier,300,0.10984553020871125,2.7801950878738235e-17,0.10984553020871128,0.10984553020871128,0.10984553020871128,-2.7755575615628914e-17,0.0
duration_adjusted_clinical_ridge,VitalDB,0.35,mixed_MNAR,strong,full_reference,full,auc,300,0.7002658742571162,1.1120780351495294e-16,0.7002658742571161,0.7002658742571161,0.7002658742571161,1.1102230246251565e-16,0.0
duration_adjusted_clinical_ridge,VitalDB,0.35,mixed_MNAR,strong,full_reference,full,calibration_intercept,300,-0.23078272819728965,2.7801950878738235e-17,-0.23078272819728962,-0.23078272819728962,-0.23078272819728962,-2.7755575615628914e-17,0.0
duration_adjusted_clinical_ridge,VitalDB,0.35,mixed_MNAR,strong,full_reference,full,calibration_slope,300,0.6493834923538787,0.0,0.6493834923538787,0.6493834923538787,0.6493834923538787,0.0,0.0
duration_adjusted_clinical_ridge,VitalDB,0.35,mixed_MNAR,strong,full_reference,full,outcome_observed_fraction,300,0.3168518518518519,0.020014483176672666,0.2777777777777778,0.3549382716049383,,,
duration_adjusted_clinical_ridge,VitalDB,0.35,mixed_MNAR,strong,full_reference,full,reconstructed_sensitivity,300,0.545,0.06199353340666779,0.41304347826086957,0.6739130434782609,,,
duration_adjusted_clinical_ridge,VitalDB,0.35,mixed_MNAR,strong,full_reference,full,ess,300,324.0,0.0,324.0,324.0,324.0,0.0,0.0
duration_adjusted_clinical_ridge,VitalDB,0.35,mixed_MNAR,strong,full_reference,full,event_rate_se,300,0.01939026741183426,3.475243859842279e-18,0.019390267411834264,0.019390267411834264,0.019390267411834264,-3.469446951953614e-18,0.0
duration_adjusted_clinical_ridge,VitalDB,0.35,mixed_MNAR,strong,full_reference,full,event_rate_interval_coverage,300,1.0,,,,,,
duration_adjusted_clinical_ridge,VitalDB,0.35,mixed_MNAR,strong,naive,reconstructed,event_rate,300,0.24693849046079355,0.029521715859984803,0.18806014150943398,0.3094871794871794,0.1419753086419753,0.10496318181881825,0.10902245704054243
duration_adjusted_clinical_ridge,VitalDB,0.35,mixed_MNAR,strong,naive,reconstructed,oe,300,1.3714640641363993,0.15990036657799914,1.057156668900281,1.6768237950900782,1.4258854750393577,-0.05442141090295838,0.16865524037418625
duration_adjusted_clinical_ridge,VitalDB,0.35,mixed_MNAR,strong,naive,reconstructed,brier,300,0.16813706101367903,0.021313269942519097,0.13013619852556688,0.2128104730228298,0.10984553020871128,0.05829153080496775,0.06205355633894309
duration_adjusted_clinical_ridge,VitalDB,0.35,mixed_MNAR,strong,naive,reconstructed,auc,300,0.6849679916866122,0.04127373878705783,0.6086245728487107,0.7734887980085347,0.7002658742571161,-0.015297882570503907,0.04395302400925713
duration_adjusted_clinical_ridge,VitalDB,0.35,mixed_MNAR,strong,naive,reconstructed,calibration_intercept,300,-0.08899104910361809,0.19151558651103437,-0.4256847325482857,0.2820652746683851,-0.23078272819728962,0.14179167909367152,0.2380353742701828
duration_adjusted_clinical_ridge,VitalDB,0.35,mixed_MNAR,strong,naive,reconstructed,calibration_slope,300,0.6001466648735498,0.12079352689882357,0.37862472155744853,0.8319032270969624,0.6493834923538787,-0.04923682748032887,0.13025630272856517
duration_adjusted_clinical_ridge,VitalDB,0.35,mixed_MNAR,strong,naive,reconstructed,outcome_observed_fraction,300,0.3168518518518519,0.020014483176672666,0.2777777777777778,0.3549382716049383,,,
duration_adjusted_clinical_ridge,VitalDB,0.35,mixed_MNAR,strong,naive,reconstructed,reconstructed_sensitivity,300,0.545,0.06199353340666779,0.41304347826086957,0.6739130434782609,,,
duration_adjusted_clinical_ridge,VitalDB,0.35,mixed_MNAR,strong,naive,reconstructed,ess,300,102.66,6.484692549241944,90.0,115.0,324.0,-221.34,221.43465552317383
duration_adjusted_clinical_ridge,VitalDB,0.35,mixed_MNAR,strong,naive,reconstructed,event_rate_se,300,0.042508075756414104,0.0025220764129233806,0.037837451348991004,0.047808798985408255,0.019390267411834264,0.02311780834457984,0.023254520618392484
duration_adjusted_clinical_ridge,VitalDB,0.35,mixed_MNAR,strong,naive,reconstructed,event_rate_interval_coverage,300,0.18,,,,,,
duration_adjusted_clinical_ridge,VitalDB,0.35,mixed_MNAR,strong,recalibration_intercept_apparent,reconstructed,event_rate,300,0.24693849046079355,0.029521715859984803,0.18806014150943398,0.3094871794871794,,,
duration_adjusted_clinical_ridge,VitalDB,0.35,mixed_MNAR,strong,recalibration_intercept_apparent,reconstructed,oe,300,0.9979991473991883,0.03771769650006042,0.9203235455523928,1.070934977066584,1.0,-0.002000852600811731,0.03770790312790245
duration_adjusted_clinical_ridge,VitalDB,0.35,mixed_MNAR,strong,recalibration_intercept_apparent,reconstructed,brier,300,0.17312290707564906,0.021950597873008338,0.13430871130887492,0.21763278887411308,,,
duration_adjusted_clinical_ridge,VitalDB,0.35,mixed_MNAR,strong,recalibration_intercept_apparent,reconstructed,auc,300,0.6689648515319211,0.04690084134102397,0.5795073065051893,0.7620957891353262,,,
duration_adjusted_clinical_ridge,VitalDB,0.35,mixed_MNAR,strong,recalibration_intercept_apparent,reconstructed,calibration_intercept,300,-0.4641157844174707,0.13981584509482428,-0.761445174986464,-0.20984934902129523,0.0,-0.4641157844174707,0.48465118416914943
duration_adjusted_clinical_ridge,VitalDB,0.35,mixed_MNAR,strong,recalibration_intercept_apparent,reconstructed,calibration_slope,300,0.5359008863215808,0.1324168197507208,0.2848695763513127,0.7971363041873861,1.0,-0.46409911367841916,0.48255958605075855
duration_adjusted_clinical_ridge,VitalDB,0.35,mixed_MNAR,strong,recalibration_intercept_apparent,reconstructed,outcome_observed_fraction,300,0.3168518518518519,0.020014483176672666,0.2777777777777778,0.3549382716049383,,,
duration_adjusted_clinical_ridge,VitalDB,0.35,mixed_MNAR,strong,recalibration_intercept_apparent,reconstructed,reconstructed_sensitivity,300,0.545,0.06199353340666779,0.41304347826086957,0.6739130434782609,,,
duration_adjusted_clinical_ridge,VitalDB,0.35,mixed_MNAR,strong,recalibration_intercept_apparent,reconstructed,ess,300,102.66,6.484692549241944,90.0,115.0,,,
duration_adjusted_clinical_ridge,VitalDB,0.35,mixed_MNAR,strong,recalibration_intercept_apparent,reconstructed,event_rate_se,300,0.042508075756414104,0.0025220764129233806,0.037837451348991004,0.047808798985408255,,,
duration_adjusted_clinical_ridge,VitalDB,0.35,mixed_MNAR,strong,recalibration_intercept_slope_apparent,reconstructed,event_rate,300,0.24693849046079355,0.029521715859984803,0.18806014150943398,0.3094871794871794,,,
duration_adjusted_clinical_ridge,VitalDB,0.35,mixed_MNAR,strong,recalibration_intercept_slope_apparent,reconstructed,oe,300,1.0091813035674655,0.050865024201794534,0.9250880594481762,1.1323065437951831,1.0,0.009181303567465493,0.05160351590047199
duration_adjusted_clinical_ridge,VitalDB,0.35,mixed_MNAR,strong,recalibration_intercept_slope_apparent,reconstructed,brier,300,0.1718313365867746,0.021601141231472634,0.13627912018585836,0.22428936841530994,,,
duration_adjusted_clinical_ridge,VitalDB,0.35,mixed_MNAR,strong,recalibration_intercept_slope_apparent,reconstructed,auc,300,0.6519415477360531,0.062211245795758985,0.5364085334508335,0.7565763888888888,,,
duration_adjusted_clinical_ridge,VitalDB,0.35,mixed_MNAR,strong,recalibration_intercept_slope_apparent,reconstructed,calibration_intercept,300,-0.3091548303288695,0.31789301271676074,-0.8799056897500109,0.05685101522459301,0.0,-0.3091548303288695,0.4430528449572318
duration_adjusted_clinical_ridge,VitalDB,0.35,mixed_MNAR,strong,recalibration_intercept_slope_apparent,reconstructed,calibration_slope,300,0.699763372554701,0.27413391932775394,0.13389438945007137,1.002693827636296,1.0,-0.300236627445299,0.4062523109677483
duration_adjusted_clinical_ridge,VitalDB,0.35,mixed_MNAR,strong,recalibration_intercept_slope_apparent,reconstructed,outcome_observed_fraction,300,0.3168518518518519,0.020014483176672666,0.2777777777777778,0.3549382716049383,,,
duration_adjusted_clinical_ridge,VitalDB,0.35,mixed_MNAR,strong,recalibration_intercept_slope_apparent,reconstructed,reconstructed_sensitivity,300,0.545,0.06199353340666779,0.41304347826086957,0.6739130434782609,,,
duration_adjusted_clinical_ridge,VitalDB,0.35,mixed_MNAR,strong,recalibration_intercept_slope_apparent,reconstructed,ess,300,102.66,6.484692549241944,90.0,115.0,,,
duration_adjusted_clinical_ridge,VitalDB,0.35,mixed_MNAR,strong,recalibration_intercept_slope_apparent,reconstructed,event_rate_se,300,0.042508075756414104,0.0025220764129233806,0.037837451348991004,0.047808798985408255,,,
duration_adjusted_clinical_ridge,VitalDB,0.35,mixed_MNAR,strong,recalibration_intercept_slope_truth,full,event_rate,300,0.1419753086419753,0.0,0.1419753086419753,0.1419753086419753,,,
duration_adjusted_clinical_ridge,VitalDB,0.35,mixed_MNAR,strong,recalibration_intercept_slope_truth,full,oe,300,0.8345203621527497,0.15602702322315684,0.5857515161069887,1.1902677732982945,1.0,-0.16547963784725028,0.2272593109453392
duration_adjusted_clinical_ridge,VitalDB,0.35,mixed_MNAR,strong,recalibration_intercept_slope_truth,full,brier,300,0.11500892801647396,0.006199510133864465,0.10862043614549059,0.1308662979153519,,,
duration_adjusted_clinical_ridge,VitalDB,0.35,mixed_MNAR,strong,recalibration_intercept_slope_truth,full,auc,300,0.6740066207903243,0.03397800294175954,0.5988328902095714,0.7061874413512669,,,
duration_adjusted_clinical_ridge,VitalDB,0.35,mixed_MNAR,strong,recalibration_intercept_slope_truth,full,calibration_intercept,300,-0.4694212265964868,0.37156377813334873,-1.2178013076450955,0.16803422539977478,0.0,-0.4694212265964868,0.5982940166807701
duration_adjusted_clinical_ridge,VitalDB,0.35,mixed_MNAR,strong,recalibration_intercept_slope_truth,full,calibration_slope,300,0.8605481732947231,0.27054866237754027,0.34630431958763885,1.3864732671399282,1.0,-0.1394518267052769,0.30397269958007833
duration_adjusted_clinical_ridge,VitalDB,0.35,mixed_MNAR,strong,recalibration_intercept_slope_truth,full,outcome_observed_fraction,300,0.3168518518518519,0.020014483176672666,0.2777777777777778,0.3549382716049383,,,
duration_adjusted_clinical_ridge,VitalDB,0.35,mixed_MNAR,strong,recalibration_intercept_slope_truth,full,reconstructed_sensitivity,300,0.545,0.06199353340666779,0.41304347826086957,0.6739130434782609,,,
duration_adjusted_clinical_ridge,VitalDB,0.35,mixed_MNAR,strong,recalibration_intercept_slope_truth,full,ess,300,324.0,0.0,324.0,324.0,,,
duration_adjusted_clinical_ridge,VitalDB,0.35,mixed_MNAR,strong,recalibration_intercept_slope_truth,full,event_rate_se,300,0.01939026741183426,3.475243859842279e-18,0.019390267411834264,0.019390267411834264,,,
duration_adjusted_clinical_ridge,VitalDB,0.35,mixed_MNAR,strong,recalibration_intercept_truth,full,event_rate,300,0.1419753086419753,0.0,0.1419753086419753,0.1419753086419753,,,
duration_adjusted_clinical_ridge,VitalDB,0.35,mixed_MNAR,strong,recalibration_intercept_truth,full,oe,300,0.9880450368424875,0.14697628012898659,0.7490737324955444,1.329328950456963,1.0,-0.011954963157512544,0.14721732679358762
duration_adjusted_clinical_ridge,VitalDB,0.35,mixed_MNAR,strong,recalibration_intercept_truth,full,brier,300,0.11291341397515225,0.003655166431949796,0.1092765109578487,0.12206951778751984,,,
duration_adjusted_clinical_ridge,VitalDB,0.35,mixed_MNAR,strong,recalibration_intercept_truth,full,auc,300,0.6910687102491919,0.01638448373504955,0.6445339380669377,0.7099292305286206,,,
duration_adjusted_clinical_ridge,VitalDB,0.35,mixed_MNAR,strong,recalibration_intercept_truth,full,calibration_intercept,300,-0.6521360691115315,0.16355235265044593,-0.9838930126311584,-0.36443070281734385,0.0,-0.6521360691115315,0.6722660634899036
duration_adjusted_clinical_ridge,VitalDB,0.35,mixed_MNAR,strong,recalibration_intercept_truth,full,calibration_slope,300,0.6033506094776603,0.05934599759494826,0.4345661136724988,0.6579250219876578,1.0,-0.3966493905223397,0.4010498056445293
duration_adjusted_clinical_ridge,VitalDB,0.35,mixed_MNAR,strong,recalibration_intercept_truth,full,outcome_observed_fraction,300,0.3168518518518519,0.020014483176672666,0.2777777777777778,0.3549382716049383,,,
duration_adjusted_clinical_ridge,VitalDB,0.35,mixed_MNAR,strong,recalibration_intercept_truth,full,reconstructed_sensitivity,300,0.545,0.06199353340666779,0.41304347826086957,0.6739130434782609,,,
duration_adjusted_clinical_ridge,VitalDB,0.35,mixed_MNAR,strong,recalibration_intercept_truth,full,ess,300,324.0,0.0,324.0,324.0,,,
duration_adjusted_clinical_ridge,VitalDB,0.35,mixed_MNAR,strong,recalibration_intercept_truth,full,event_rate_se,300,0.01939026741183426,3.475243859842279e-18,0.019390267411834264,0.019390267411834264,,,
duration_adjusted_clinical_ridge,VitalDB,0.35,mixed_MNAR,strong,reference_05pct_recalibration,full_heldout,event_rate,298,0.14189837008628955,0.00642677893273471,0.1292517006802721,0.15306122448979592,,,
duration_adjusted_clinical_ridge,VitalDB,0.35,mixed_MNAR,strong,reference_05pct_recalibration,full_heldout,oe,298,1.3221557989684212,0.8914474036000035,0.4589423364822866,4.341243995014116,1.0,0.32215579896842117,0.946465068508945
duration_adjusted_clinical_ridge,VitalDB,0.35,mixed_MNAR,strong,reference_05pct_recalibration,full_heldout,brier,298,0.12094000312765862,0.012855255922026012,0.10741326557702494,0.14850659853081122,,,
duration_adjusted_clinical_ridge,VitalDB,0.35,mixed_MNAR,strong,reference_05pct_recalibration,full_heldout,auc,298,0.651364334781657,0.13250722446997362,0.27712471022967367,0.7247254569897167,,,
duration_adjusted_clinical_ridge,VitalDB,0.35,mixed_MNAR,strong,reference_05pct_recalibration,full_heldout,calibration_intercept,298,0.7573067787330509,18.54406046639473,-13.002811386174177,13.380987820739564,0.0,0.7573067787330509,18.528403198770256
duration_adjusted_clinical_ridge,VitalDB,0.35,mixed_MNAR,strong,reference_05pct_recalibration,full_heldout,calibration_slope,298,1.8290708276681258,16.398210192260343,-5.091065939654794,10.531227823498188,1.0,0.8290708276681258,16.391653443124458
duration_adjusted_clinical_ridge,VitalDB,0.35,mixed_MNAR,strong,reference_05pct_recalibration,full_heldout,outcome_observed_fraction,298,0.3167308807689121,0.019994388026857594,0.2777777777777778,0.3549382716049383,,,
duration_adjusted_clinical_ridge,VitalDB,0.35,mixed_MNAR,strong,reference_05pct_recalibration,full_heldout,reconstructed_sensitivity,298,0.5452290633206887,0.062080760744101675,0.41304347826086957,0.6739130434782609,,,
duration_adjusted_clinical_ridge,VitalDB,0.35,mixed_MNAR,strong,reference_05pct_recalibration,full_heldout,ess,298,294.0,0.0,294.0,294.0,,,
duration_adjusted_clinical_ridge,VitalDB,0.35,mixed_MNAR,strong,reference_05pct_recalibration,full_heldout,event_rate_se,298,0.02034381139356186,0.0003878756161541065,0.019565492543623577,0.020998338616454712,,,
duration_adjusted_clinical_ridge,VitalDB,0.35,mixed_MNAR,strong,reference_05pct_recalibration,full_heldout,reference_sample_n,298,30.0,0.0,30.0,30.0,,,
duration_adjusted_clinical_ridge,VitalDB,0.35,mixed_MNAR,strong,reference_05pct_recalibration,full_heldout,evaluation_n,298,294.0,0.0,294.0,294.0,,,
duration_adjusted_clinical_ridge,VitalDB,0.35,mixed_MNAR,strong,reference_10pct_recalibration,full_heldout,event_rate,299,0.14212322863152088,0.006705653901984726,0.12869415807560136,0.15463917525773196,,,
duration_adjusted_clinical_ridge,VitalDB,0.35,mixed_MNAR,strong,reference_10pct_recalibration,full_heldout,oe,299,1.310773002279811,0.8579431227610368,0.4993985649331496,3.716534108244962,1.0,0.310773002279811,0.9111446099810495
duration_adjusted_clinical_ridge,VitalDB,0.35,mixed_MNAR,strong,reference_10pct_recalibration,full_heldout,brier,299,0.11993808506373045,0.012305444088961273,0.10658205479262962,0.14881093236066065,,,
duration_adjusted_clinical_ridge,VitalDB,0.35,mixed_MNAR,strong,reference_10pct_recalibration,full_heldout,auc,299,0.65042114622688,0.1345992659843257,0.2715319210961034,0.7252526849125238,,,
duration_adjusted_clinical_ridge,VitalDB,0.35,mixed_MNAR,strong,reference_10pct_recalibration,full_heldout,calibration_intercept,299,-3.4062741965846794,44.625274549947264,-21.295554364728897,12.509568272753512,0.0,-3.4062741965846794,44.680617512452464
duration_adjusted_clinical_ridge,VitalDB,0.35,mixed_MNAR,strong,reference_10pct_recalibration,full_heldout,calibration_slope,299,-0.7234883553561627,23.0571535699044,-11.455313947425031,7.340041275336743,1.0,-1.7234883553561628,23.0829960859983
duration_adjusted_clinical_ridge,VitalDB,0.35,mixed_MNAR,strong,reference_10pct_recalibration,full_heldout,outcome_observed_fraction,299,0.31674511746975514,0.01996233018162633,0.2777777777777778,0.3549382716049383,,,
duration_adjusted_clinical_ridge,VitalDB,0.35,mixed_MNAR,strong,reference_10pct_recalibration,full_heldout,reconstructed_sensitivity,299,0.5452232077940964,0.061976593570064006,0.41304347826086957,0.6739130434782609,,,
duration_adjusted_clinical_ridge,VitalDB,0.35,mixed_MNAR,strong,reference_10pct_recalibration,full_heldout,ess,299,291.0,0.0,291.0,291.0,,,
duration_adjusted_clinical_ridge,VitalDB,0.35,mixed_MNAR,strong,reference_10pct_recalibration,full_heldout,event_rate_se,299,0.020461297374765364,0.0004067186466749325,0.019629336928983956,0.021195044218573513,,,
duration_adjusted_clinical_ridge,VitalDB,0.35,mixed_MNAR,strong,reference_10pct_recalibration,full_heldout,reference_sample_n,299,33.0,0.0,33.0,33.0,,,
duration_adjusted_clinical_ridge,VitalDB,0.35,mixed_MNAR,strong,reference_10pct_recalibration,full_heldout,evaluation_n,299,291.0,0.0,291.0,291.0,,,
duration_adjusted_clinical_ridge,VitalDB,0.35,mixed_MNAR,strong,reference_20pct_recalibration,full_heldout,event_rate,300,0.14265122265122263,0.009873117661360476,0.12355212355212356,0.16216216216216217,,,
duration_adjusted_clinical_ridge,VitalDB,0.35,mixed_MNAR,strong,reference_20pct_recalibration,full_heldout,oe,300,1.1423707899395281,0.435001436780549,0.5735899458396617,2.3106828847956224,1.0,0.14237078993952812,0.457017436934825
duration_adjusted_clinical_ridge,VitalDB,0.35,mixed_MNAR,strong,reference_20pct_recalibration,full_heldout,brier,300,0.11437798490604123,0.008272889570657417,0.10312314904660146,0.13470289321110043,,,
duration_adjusted_clinical_ridge,VitalDB,0.35,mixed_MNAR,strong,reference_20pct_recalibration,full_heldout,auc,300,0.6931743695818979,0.060842959039496526,0.6510595586848208,0.7412338840173345,,,
duration_adjusted_clinical_ridge,VitalDB,0.35,mixed_MNAR,strong,reference_20pct_recalibration,full_heldout,calibration_intercept,300,1.9840250321080952,21.504671204769927,-1.202495730673226,9.193351488244243,0.0,1.9840250321080952,21.560281445469933
duration_adjusted_clinical_ridge,VitalDB,0.35,mixed_MNAR,strong,reference_20pct_recalibration,full_heldout,calibration_slope,300,1.9911524934818245,10.931330743127571,0.3120819892834675,5.056582307541902,1.0,0.9911524934818245,10.958013587093651
duration_adjusted_clinical_ridge,VitalDB,0.35,mixed_MNAR,strong,reference_20pct_recalibration,full_heldout,outcome_observed_fraction,300,0.3168518518518519,0.020014483176672666,0.2777777777777778,0.3549382716049383,,,
duration_adjusted_clinical_ridge,VitalDB,0.35,mixed_MNAR,strong,reference_20pct_recalibration,full_heldout,reconstructed_sensitivity,300,0.545,0.06199353340666779,0.41304347826086957,0.6739130434782609,,,
duration_adjusted_clinical_ridge,VitalDB,0.35,mixed_MNAR,strong,reference_20pct_recalibration,full_heldout,ess,300,259.0,0.0,259.0,259.0,,,
duration_adjusted_clinical_ridge,VitalDB,0.35,mixed_MNAR,strong,reference_20pct_recalibration,full_heldout,event_rate_se,300,0.021712534171101954,0.0006324581122317794,0.020447408414756684,0.022903658837129595,,,
duration_adjusted_clinical_ridge,VitalDB,0.35,mixed_MNAR,strong,reference_20pct_recalibration,full_heldout,reference_sample_n,300,65.0,0.0,65.0,65.0,,,
duration_adjusted_clinical_ridge,VitalDB,0.35,mixed_MNAR,strong,reference_20pct_recalibration,full_heldout,evaluation_n,300,259.0,0.0,259.0,259.0,,,
duration_adjusted_clinical_ridge,VitalDB,0.35,mixed_MNAR,strong,reference_30pct_recalibration,full_heldout,event_rate,300,0.1421386430678466,0.012667114839390592,0.11946902654867257,0.16371681415929204,,,
duration_adjusted_clinical_ridge,VitalDB,0.35,mixed_MNAR,strong,reference_30pct_recalibration,full_heldout,oe,300,1.0729091714860686,0.3280148700237103,0.6033096556466739,1.7838782157690396,1.0,0.07290917148606857,0.33548600029449954
duration_adjusted_clinical_ridge,VitalDB,0.35,mixed_MNAR,strong,reference_30pct_recalibration,full_heldout,brier,300,0.11193046492491694,0.009038814778486682,0.09767622689706691,0.13074375187002862,,,
duration_adjusted_clinical_ridge,VitalDB,0.35,mixed_MNAR,strong,reference_30pct_recalibration,full_heldout,auc,300,0.7008397230487807,0.028807658854548224,0.6448900772430184,0.7528805618401206,,,
duration_adjusted_clinical_ridge,VitalDB,0.35,mixed_MNAR,strong,reference_30pct_recalibration,full_heldout,calibration_intercept,300,0.3535368705395711,1.3149457135038378,-0.9924003789320544,3.604980724542558,0.0,0.3535368705395711,1.3595245274953631
duration_adjusted_clinical_ridge,VitalDB,0.35,mixed_MNAR,strong,reference_30pct_recalibration,full_heldout,calibration_slope,300,1.1850555043529865,0.6918596858255811,0.4248128243990748,3.093074545215203,1.0,0.18505550435298646,0.7150662895697908
duration_adjusted_clinical_ridge,VitalDB,0.35,mixed_MNAR,strong,reference_30pct_recalibration,full_heldout,outcome_observed_fraction,300,0.3168518518518519,0.020014483176672666,0.2777777777777778,0.3549382716049383,,,
duration_adjusted_clinical_ridge,VitalDB,0.35,mixed_MNAR,strong,reference_30pct_recalibration,full_heldout,reconstructed_sensitivity,300,0.545,0.06199353340666779,0.41304347826086957,0.6739130434782609,,,
duration_adjusted_clinical_ridge,VitalDB,0.35,mixed_MNAR,strong,reference_30pct_recalibration,full_heldout,ess,300,226.0,0.0,226.0,226.0,,,
duration_adjusted_clinical_ridge,VitalDB,0.35,mixed_MNAR,strong,reference_30pct_recalibration,full_heldout,event_rate_se,300,0.02319629514888888,0.0008736829619364075,0.021574749482665082,0.024613258075699584,,,
duration_adjusted_clinical_ridge,VitalDB,0.35,mixed_MNAR,strong,reference_30pct_recalibration,full_heldout,reference_sample_n,300,98.0,0.0,98.0,98.0,,,
duration_adjusted_clinical_ridge,VitalDB,0.35,mixed_MNAR,strong,reference_30pct_recalibration,full_heldout,evaluation_n,300,226.0,0.0,226.0,226.0,,,
waveform_enhanced_ridge,VitalDB,0.35,mixed_MNAR,strong,AIPW_design_probability,reconstructed,event_rate,300,0.10483553712746885,0.018650370163491883,0.07458079691674742,0.14717450717909003,0.1419753086419753,-0.03713977151450645,0.04154563131097615
waveform_enhanced_ridge,VitalDB,0.35,mixed_MNAR,strong,AIPW_design_probability,reconstructed,oe,300,1.0946536687871862,0.19474022533868593,0.7787449294672272,1.5367414394953716,1.4824533430220777,-0.3877996742348915,0.43380402278421415
waveform_enhanced_ridge,VitalDB,0.35,mixed_MNAR,strong,AIPW_design_probability,reconstructed,outcome_observed_fraction,300,0.32084362139917694,0.020596604731426646,0.2823302469135803,0.35802469135802467,,,
waveform_enhanced_ridge,VitalDB,0.35,mixed_MNAR,strong,AIPW_design_probability,reconstructed,reconstructed_sensitivity,300,0.5441304347826087,0.062389998410610936,0.41304347826086957,0.6739130434782609,,,
waveform_enhanced_ridge,VitalDB,0.35,mixed_MNAR,strong,AIPW_design_probability,reconstructed,ess,300,48.75633670531412,9.874378446505359,26.882746279076137,66.35449408472202,324.0,-275.24366329468586,275.42013819330197
waveform_enhanced_ridge,VitalDB,0.35,mixed_MNAR,strong,AIPW_design_probability,reconstructed,event_rate_se,300,0.023421258909980598,0.0036810411155307056,0.017805725405734052,0.03310051313379884,0.019390267411834264,0.004030991498146334,0.00545470340837839
waveform_enhanced_ridge,VitalDB,0.35,mixed_MNAR,strong,AIPW_design_probability,reconstructed,event_rate_interval_coverage,300,0.61,,,,,,
waveform_enhanced_ridge,VitalDB,0.35,mixed_MNAR,strong,Gamma2_prediction_sensitivity_region,full,event_rate,300,0.12498531669251627,0.009123928366314737,0.10667550879148172,0.14275345127643826,0.1419753086419753,-0.016989991949459035,0.01927766605116432
waveform_enhanced_ridge,VitalDB,0.35,mixed_MNAR,strong,Gamma2_prediction_sensitivity_region,full,outcome_observed_fraction,300,0.32084362139917694,0.020596604731426646,0.2823302469135803,0.35802469135802467,,,
waveform_enhanced_ridge,VitalDB,0.35,mixed_MNAR,strong,Gamma2_prediction_sensitivity_region,full,reconstructed_sensitivity,300,0.5441304347826087,0.062389998410610936,0.41304347826086957,0.6739130434782609,,,
waveform_enhanced_ridge,VitalDB,0.35,mixed_MNAR,strong,Gamma2_prediction_sensitivity_region,full,MNAR_event_rate_coverage,300,0.8066666666666666,,,,,,
waveform_enhanced_ridge,VitalDB,0.35,mixed_MNAR,strong,IPAW_design_probability_truncated99,reconstructed,event_rate,300,0.10785801964594541,0.02256594296292701,0.07048074568348134,0.16270421408538804,0.1419753086419753,-0.03411728899602989,0.040884150771482865
waveform_enhanced_ridge,VitalDB,0.35,mixed_MNAR,strong,IPAW_design_probability_truncated99,reconstructed,oe,300,1.1018657225976574,0.1978650927242122,0.778675411581673,1.538881287413525,1.4824533430220777,-0.3805876204244203,0.42879718953838897
waveform_enhanced_ridge,VitalDB,0.35,mixed_MNAR,strong,IPAW_design_probability_truncated99,reconstructed,brier,300,0.08489707704084211,0.019159216970251886,0.05261201088154168,0.13163336952049373,0.11259204816046513,-0.02769497111962302,0.033658036706165205
waveform_enhanced_ridge,VitalDB,0.35,mixed_MNAR,strong,IPAW_design_probability_truncated99,reconstructed,auc,300,0.7029169940852831,0.06880543320511982,0.5571675747938623,0.8364285741629719,0.6768063809821707,0.026110613103112357,0.07348585666441412
waveform_enhanced_ridge,VitalDB,0.35,mixed_MNAR,strong,IPAW_design_probability_truncated99,reconstructed,calibration_intercept,300,-0.5144453321386561,0.3080053563127264,-1.2466079913931292,0.019498040462810083,-0.3813930424499803,-0.13305228968867577,0.3350432613514327
waveform_enhanced_ridge,VitalDB,0.35,mixed_MNAR,strong,IPAW_design_probability_truncated99,reconstructed,calibration_slope,300,0.6801964906412019,0.19373905820263734,0.2728008119375674,1.1008063998499595,0.5542577839100895,0.1259387067311124,0.23080351914728803
waveform_enhanced_ridge,VitalDB,0.35,mixed_MNAR,strong,IPAW_design_probability_truncated99,reconstructed,outcome_observed_fraction,300,0.32084362139917694,0.020596604731426646,0.2823302469135803,0.35802469135802467,,,
waveform_enhanced_ridge,VitalDB,0.35,mixed_MNAR,strong,IPAW_design_probability_truncated99,reconstructed,reconstructed_sensitivity,300,0.5441304347826087,0.062389998410610936,0.41304347826086957,0.6739130434782609,,,
waveform_enhanced_ridge,VitalDB,0.35,mixed_MNAR,strong,IPAW_design_probability_truncated99,reconstructed,ess,300,53.10181994750728,7.895941035693293,37.98338119750147,68.57333158498038,324.0,-270.8981800524927,271.0128447527456
waveform_enhanced_ridge,VitalDB,0.35,mixed_MNAR,strong,IPAW_design_probability_truncated99,reconstructed,event_rate_se,300,0.025586947675666438,0.004699910522555221,0.017878540962355787,0.03731927926125363,0.019390267411834264,0.006196680263832174,0.007772668440275776
waveform_enhanced_ridge,VitalDB,0.35,mixed_MNAR,strong,IPAW_design_probability_truncated99,reconstructed,weight_p99,300,16.244574560844097,4.140745325060022,10.257744572288805,26.204561127824213,,,
waveform_enhanced_ridge,VitalDB,0.35,mixed_MNAR,strong,IPAW_design_probability_truncated99,reconstructed,weight_max,300,16.444465806322352,4.208664059000854,10.409591161809958,26.837395265834196,,,
waveform_enhanced_ridge,VitalDB,0.35,mixed_MNAR,strong,IPAW_design_probability_truncated99,reconstructed,event_rate_interval_coverage,300,0.6833333333333333,,,,,,
waveform_enhanced_ridge,VitalDB,0.35,mixed_MNAR,strong,IPAW_design_probability_untruncated,reconstructed,event_rate,300,0.10558867094166466,0.022316220454538137,0.06795216572577249,0.15911143336980862,0.1419753086419753,-0.03638663770031064,0.04266545502930869
waveform_enhanced_ridge,VitalDB,0.35,mixed_MNAR,strong,IPAW_design_probability_untruncated,reconstructed,oe,300,1.0982370808443365,0.19691545988221296,0.7759674524796119,1.5325966467659986,1.4824533430220777,-0.3842162621777412,0.4315884406870231
waveform_enhanced_ridge,VitalDB,0.35,mixed_MNAR,strong,IPAW_design_probability_untruncated,reconstructed,brier,300,0.0831140664537598,0.018897908164613737,0.05178292317404893,0.12867019588346218,0.11259204816046513,-0.029477981706705333,0.03499845570958384
waveform_enhanced_ridge,VitalDB,0.35,mixed_MNAR,strong,IPAW_design_probability_untruncated,reconstructed,auc,300,0.7085099397082367,0.06910564890882748,0.5592944271903116,0.8392587105386036,0.6768063809821707,0.031703558726066006,0.07592619911008015
waveform_enhanced_ridge,VitalDB,0.35,mixed_MNAR,strong,IPAW_design_probability_untruncated,reconstructed,calibration_intercept,300,-0.5050469734512183,0.3069669797948681,-1.2211080067603515,0.020158630557535296,-0.3813930424499803,-0.123653931001238,0.33046168549595467
waveform_enhanced_ridge,VitalDB,0.35,mixed_MNAR,strong,IPAW_design_probability_untruncated,reconstructed,calibration_slope,300,0.6885030244320668,0.19181492099316805,0.27803427710240974,1.105538041856623,0.5542577839100895,0.13424524052197728,0.23386343302313592
waveform_enhanced_ridge,VitalDB,0.35,mixed_MNAR,strong,IPAW_design_probability_untruncated,reconstructed,outcome_observed_fraction,300,0.32084362139917694,0.020596604731426646,0.2823302469135803,0.35802469135802467,,,
waveform_enhanced_ridge,VitalDB,0.35,mixed_MNAR,strong,IPAW_design_probability_untruncated,reconstructed,reconstructed_sensitivity,300,0.5441304347826087,0.062389998410610936,0.41304347826086957,0.6739130434782609,,,
waveform_enhanced_ridge,VitalDB,0.35,mixed_MNAR,strong,IPAW_design_probability_untruncated,reconstructed,ess,300,48.75633670531412,9.874378446505359,26.882746279076137,66.35449408472202,324.0,-275.24366329468586,275.42013819330197
waveform_enhanced_ridge,VitalDB,0.35,mixed_MNAR,strong,IPAW_design_probability_untruncated,reconstructed,event_rate_se,300,0.025587021687482708,0.004713823701071334,0.01780796529401937,0.03721109329122416,0.019390267411834264,0.006196754275648444,0.00778112012017549
waveform_enhanced_ridge,VitalDB,0.35,mixed_MNAR,strong,IPAW_design_probability_untruncated,reconstructed,weight_p99,300,16.444465806322352,4.208664059000854,10.409591161809958,26.837395265834196,,,
waveform_enhanced_ridge,VitalDB,0.35,mixed_MNAR,strong,IPAW_design_probability_untruncated,reconstructed,weight_max,300,23.677365129201114,13.969699871050318,12.137076541582333,47.2159019934272,,,
waveform_enhanced_ridge,VitalDB,0.35,mixed_MNAR,strong,IPAW_design_probability_untruncated,reconstructed,event_rate_interval_coverage,300,0.6466666666666666,,,,,,
waveform_enhanced_ridge,VitalDB,0.35,mixed_MNAR,strong,full_reference,full,event_rate,300,0.1419753086419753,0.0,0.1419753086419753,0.1419753086419753,0.1419753086419753,0.0,0.0
waveform_enhanced_ridge,VitalDB,0.35,mixed_MNAR,strong,full_reference,full,oe,300,1.4824533430220777,0.0,1.4824533430220777,1.4824533430220777,1.4824533430220777,0.0,0.0
waveform_enhanced_ridge,VitalDB,0.35,mixed_MNAR,strong,full_reference,full,brier,300,0.11259204816046513,0.0,0.11259204816046513,0.11259204816046513,0.11259204816046513,0.0,0.0
waveform_enhanced_ridge,VitalDB,0.35,mixed_MNAR,strong,full_reference,full,auc,300,0.6768063809821708,1.1120780351495294e-16,0.6768063809821707,0.6768063809821707,0.6768063809821707,1.1102230246251565e-16,0.0
waveform_enhanced_ridge,VitalDB,0.35,mixed_MNAR,strong,full_reference,full,calibration_intercept,300,-0.3813930424499803,0.0,-0.3813930424499803,-0.3813930424499803,-0.3813930424499803,0.0,0.0
waveform_enhanced_ridge,VitalDB,0.35,mixed_MNAR,strong,full_reference,full,calibration_slope,300,0.5542577839100896,1.1120780351495294e-16,0.5542577839100895,0.5542577839100895,0.5542577839100895,1.1102230246251565e-16,0.0
waveform_enhanced_ridge,VitalDB,0.35,mixed_MNAR,strong,full_reference,full,outcome_observed_fraction,300,0.32084362139917694,0.020596604731426646,0.2823302469135803,0.35802469135802467,,,
waveform_enhanced_ridge,VitalDB,0.35,mixed_MNAR,strong,full_reference,full,reconstructed_sensitivity,300,0.5441304347826087,0.062389998410610936,0.41304347826086957,0.6739130434782609,,,
waveform_enhanced_ridge,VitalDB,0.35,mixed_MNAR,strong,full_reference,full,ess,300,324.0,0.0,324.0,324.0,324.0,0.0,0.0
waveform_enhanced_ridge,VitalDB,0.35,mixed_MNAR,strong,full_reference,full,event_rate_se,300,0.01939026741183426,3.475243859842279e-18,0.019390267411834264,0.019390267411834264,0.019390267411834264,-3.469446951953614e-18,0.0
waveform_enhanced_ridge,VitalDB,0.35,mixed_MNAR,strong,full_reference,full,event_rate_interval_coverage,300,1.0,,,,,,
waveform_enhanced_ridge,VitalDB,0.35,mixed_MNAR,strong,naive,reconstructed,event_rate,300,0.24356553953413085,0.029838184257363343,0.18392857142857144,0.30527950310559004,0.1419753086419753,0.10159023089215555,0.10586748569964839
waveform_enhanced_ridge,VitalDB,0.35,mixed_MNAR,strong,naive,reconstructed,oe,300,1.4195378407397827,0.17183037204310053,1.0857693300198157,1.7616146672786501,1.4824533430220777,-0.06291550228229492,0.1827173179022236
waveform_enhanced_ridge,VitalDB,0.35,mixed_MNAR,strong,naive,reconstructed,brier,300,0.1669678275520682,0.02335823137059068,0.12053329835673972,0.21535127951334115,0.11259204816046513,0.05437577939160308,0.05916513895274081
waveform_enhanced_ridge,VitalDB,0.35,mixed_MNAR,strong,naive,reconstructed,auc,300,0.674551633093001,0.045109575200137454,0.5939530723905724,0.7766647135897247,0.6768063809821707,-0.0022547478891696837,0.04509073907354054
waveform_enhanced_ridge,VitalDB,0.35,mixed_MNAR,strong,naive,reconstructed,calibration_intercept,300,-0.14059377556088917,0.18637175555254878,-0.48720212761788034,0.2531052056024889,-0.3813930424499803,0.24079926688909112,0.30430730645928233
waveform_enhanced_ridge,VitalDB,0.35,mixed_MNAR,strong,naive,reconstructed,calibration_slope,300,0.5395844161139618,0.1250140846003174,0.3411195401915771,0.8274425322745547,0.5542577839100895,-0.014673367796127712,0.1256651662147241
waveform_enhanced_ridge,VitalDB,0.35,mixed_MNAR,strong,naive,reconstructed,outcome_observed_fraction,300,0.32084362139917694,0.020596604731426646,0.2823302469135803,0.35802469135802467,,,
waveform_enhanced_ridge,VitalDB,0.35,mixed_MNAR,strong,naive,reconstructed,reconstructed_sensitivity,300,0.5441304347826087,0.062389998410610936,0.41304347826086957,0.6739130434782609,,,
waveform_enhanced_ridge,VitalDB,0.35,mixed_MNAR,strong,naive,reconstructed,ess,300,103.95333333333333,6.673299932982235,91.475,116.0,324.0,-220.04666666666668,220.147496011197
waveform_enhanced_ridge,VitalDB,0.35,mixed_MNAR,strong,naive,reconstructed,event_rate_se,300,0.042044227680997755,0.0025330838562079372,0.03701846517219412,0.04719368387183779,0.019390267411834264,0.02265396026916349,0.022794671336082276
waveform_enhanced_ridge,VitalDB,0.35,mixed_MNAR,strong,naive,reconstructed,event_rate_interval_coverage,300,0.22333333333333333,,,,,,
waveform_enhanced_ridge,VitalDB,0.35,mixed_MNAR,strong,recalibration_intercept_apparent,reconstructed,event_rate,300,0.24356553953413085,0.029838184257363343,0.18392857142857144,0.30527950310559004,,,
waveform_enhanced_ridge,VitalDB,0.35,mixed_MNAR,strong,recalibration_intercept_apparent,reconstructed,oe,300,0.996526660385634,0.039011820621852954,0.9165554434012486,1.0590199833433829,1.0,-0.0034733396143660222,0.039101319191056916
waveform_enhanced_ridge,VitalDB,0.35,mixed_MNAR,strong,recalibration_intercept_apparent,reconstructed,brier,300,0.17417864566862926,0.025351162139352106,0.12583478372400198,0.2242629519574583,,,
waveform_enhanced_ridge,VitalDB,0.35,mixed_MNAR,strong,recalibration_intercept_apparent,reconstructed,auc,300,0.6600845962230689,0.04839863596989346,0.5656341189674523,0.7554713268365817,,,
waveform_enhanced_ridge,VitalDB,0.35,mixed_MNAR,strong,recalibration_intercept_apparent,reconstructed,calibration_intercept,300,-0.5118108958834338,0.1408067930220618,-0.7917201109944296,-0.2295539700296887,0.0,-0.5118108958834338,0.5307644087505212
waveform_enhanced_ridge,VitalDB,0.35,mixed_MNAR,strong,recalibration_intercept_apparent,reconstructed,calibration_slope,300,0.48218201206053296,0.1367516377143929,0.2537261897012516,0.7560510161243574,1.0,-0.5178179879394671,0.5355129712246517
waveform_enhanced_ridge,VitalDB,0.35,mixed_MNAR,strong,recalibration_intercept_apparent,reconstructed,outcome_observed_fraction,300,0.32084362139917694,0.020596604731426646,0.2823302469135803,0.35802469135802467,,,
waveform_enhanced_ridge,VitalDB,0.35,mixed_MNAR,strong,recalibration_intercept_apparent,reconstructed,reconstructed_sensitivity,300,0.5441304347826087,0.062389998410610936,0.41304347826086957,0.6739130434782609,,,
waveform_enhanced_ridge,VitalDB,0.35,mixed_MNAR,strong,recalibration_intercept_apparent,reconstructed,ess,300,103.95333333333333,6.673299932982235,91.475,116.0,,,
waveform_enhanced_ridge,VitalDB,0.35,mixed_MNAR,strong,recalibration_intercept_apparent,reconstructed,event_rate_se,300,0.042044227680997755,0.0025330838562079372,0.03701846517219412,0.04719368387183779,,,
waveform_enhanced_ridge,VitalDB,0.35,mixed_MNAR,strong,recalibration_intercept_slope_apparent,reconstructed,event_rate,300,0.24356553953413085,0.029838184257363343,0.18392857142857144,0.30527950310559004,,,
waveform_enhanced_ridge,VitalDB,0.35,mixed_MNAR,strong,recalibration_intercept_slope_apparent,reconstructed,oe,300,1.0109609276390206,0.05172855611217665,0.9308768376867196,1.1297739349894969,1.0,0.010960927639020568,0.052792669697288006
waveform_enhanced_ridge,VitalDB,0.35,mixed_MNAR,strong,recalibration_intercept_slope_apparent,reconstructed,brier,300,0.17164285846529648,0.024028095811707426,0.12641265335490037,0.22276561593173988,,,
waveform_enhanced_ridge,VitalDB,0.35,mixed_MNAR,strong,recalibration_intercept_slope_apparent,reconstructed,auc,300,0.639212581190379,0.06768851741585305,0.48690640318627454,0.7658743829699712,,,
waveform_enhanced_ridge,VitalDB,0.35,mixed_MNAR,strong,recalibration_intercept_slope_apparent,reconstructed,calibration_intercept,300,-0.35021821172763684,0.353448388556416,-1.0687122390510218,0.054707601358492945,0.0,-0.35021821172763684,0.4971540405021238
waveform_enhanced_ridge,VitalDB,0.35,mixed_MNAR,strong,recalibration_intercept_slope_apparent,reconstructed,calibration_slope,300,0.6635101685608015,0.3011106758047836,-0.07106990998332884,1.0194789336497683,1.0,-0.33648983143919853,0.45121039469628993
waveform_enhanced_ridge,VitalDB,0.35,mixed_MNAR,strong,recalibration_intercept_slope_apparent,reconstructed,outcome_observed_fraction,300,0.32084362139917694,0.020596604731426646,0.2823302469135803,0.35802469135802467,,,
waveform_enhanced_ridge,VitalDB,0.35,mixed_MNAR,strong,recalibration_intercept_slope_apparent,reconstructed,reconstructed_sensitivity,300,0.5441304347826087,0.062389998410610936,0.41304347826086957,0.6739130434782609,,,
waveform_enhanced_ridge,VitalDB,0.35,mixed_MNAR,strong,recalibration_intercept_slope_apparent,reconstructed,ess,300,103.95333333333333,6.673299932982235,91.475,116.0,,,
waveform_enhanced_ridge,VitalDB,0.35,mixed_MNAR,strong,recalibration_intercept_slope_apparent,reconstructed,event_rate_se,300,0.042044227680997755,0.0025330838562079372,0.03701846517219412,0.04719368387183779,,,
waveform_enhanced_ridge,VitalDB,0.35,mixed_MNAR,strong,recalibration_intercept_slope_truth,full,event_rate,300,0.1419753086419753,0.0,0.1419753086419753,0.1419753086419753,,,
waveform_enhanced_ridge,VitalDB,0.35,mixed_MNAR,strong,recalibration_intercept_slope_truth,full,oe,300,0.8170981737863331,0.15454969888080053,0.5739730460843677,1.1854303040186411,1.0,-0.1829018262136669,0.23928867244054833
waveform_enhanced_ridge,VitalDB,0.35,mixed_MNAR,strong,recalibration_intercept_slope_truth,full,brier,300,0.1180949373402503,0.006497846207376753,0.11094059403333438,0.134105939947441,,,
waveform_enhanced_ridge,VitalDB,0.35,mixed_MNAR,strong,recalibration_intercept_slope_truth,full,auc,300,0.6496900740277344,0.03273349623370493,0.5681322333437597,0.6818149827963715,,,
waveform_enhanced_ridge,VitalDB,0.35,mixed_MNAR,strong,recalibration_intercept_slope_truth,full,calibration_intercept,300,-0.5927808584559108,0.3577004389051974,-1.3430958421087265,0.02495894838661808,0.0,-0.5927808584559108,0.6920348628968925
waveform_enhanced_ridge,VitalDB,0.35,mixed_MNAR,strong,recalibration_intercept_slope_truth,full,calibration_slope,300,0.7896767921334733,0.27663866865975745,0.2374177120193192,1.3351313940417873,1.0,-0.2103232078665267,0.3471450824296902
waveform_enhanced_ridge,VitalDB,0.35,mixed_MNAR,strong,recalibration_intercept_slope_truth,full,outcome_observed_fraction,300,0.32084362139917694,0.020596604731426646,0.2823302469135803,0.35802469135802467,,,
waveform_enhanced_ridge,VitalDB,0.35,mixed_MNAR,strong,recalibration_intercept_slope_truth,full,reconstructed_sensitivity,300,0.5441304347826087,0.062389998410610936,0.41304347826086957,0.6739130434782609,,,
waveform_enhanced_ridge,VitalDB,0.35,mixed_MNAR,strong,recalibration_intercept_slope_truth,full,ess,300,324.0,0.0,324.0,324.0,,,
waveform_enhanced_ridge,VitalDB,0.35,mixed_MNAR,strong,recalibration_intercept_slope_truth,full,event_rate_se,300,0.01939026741183426,3.475243859842279e-18,0.019390267411834264,0.019390267411834264,,,
waveform_enhanced_ridge,VitalDB,0.35,mixed_MNAR,strong,recalibration_intercept_truth,full,event_rate,300,0.1419753086419753,0.0,0.1419753086419753,0.1419753086419753,,,
waveform_enhanced_ridge,VitalDB,0.35,mixed_MNAR,strong,recalibration_intercept_truth,full,oe,300,0.988102797718655,0.15089220620024754,0.724525758472502,1.326670399529235,1.0,-0.011897202281345054,0.1511095842574565
waveform_enhanced_ridge,VitalDB,0.35,mixed_MNAR,strong,recalibration_intercept_truth,full,brier,300,0.11773816504388646,0.004602665005341675,0.11258513509352153,0.12975779294982462,,,
waveform_enhanced_ridge,VitalDB,0.35,mixed_MNAR,strong,recalibration_intercept_truth,full,auc,300,0.668282765092274,0.013335843644863954,0.6335216609321238,0.6838852830778855,,,
waveform_enhanced_ridge,VitalDB,0.35,mixed_MNAR,strong,recalibration_intercept_truth,full,calibration_intercept,300,-0.7790653707016922,0.14973754546017404,-1.0879409777942057,-0.5049126785057483,0.0,-0.7790653707016922,0.7932776604518337
waveform_enhanced_ridge,VitalDB,0.35,mixed_MNAR,strong,recalibration_intercept_truth,full,calibration_slope,300,0.5154556989626752,0.0507527015662798,0.3613208897683878,0.5605408681836759,1.0,-0.4845443010373248,0.48718623775886566
waveform_enhanced_ridge,VitalDB,0.35,mixed_MNAR,strong,recalibration_intercept_truth,full,outcome_observed_fraction,300,0.32084362139917694,0.020596604731426646,0.2823302469135803,0.35802469135802467,,,
waveform_enhanced_ridge,VitalDB,0.35,mixed_MNAR,strong,recalibration_intercept_truth,full,reconstructed_sensitivity,300,0.5441304347826087,0.062389998410610936,0.41304347826086957,0.6739130434782609,,,
waveform_enhanced_ridge,VitalDB,0.35,mixed_MNAR,strong,recalibration_intercept_truth,full,ess,300,324.0,0.0,324.0,324.0,,,
waveform_enhanced_ridge,VitalDB,0.35,mixed_MNAR,strong,recalibration_intercept_truth,full,event_rate_se,300,0.01939026741183426,3.475243859842279e-18,0.019390267411834264,0.019390267411834264,,,
waveform_enhanced_ridge,VitalDB,0.35,mixed_MNAR,strong,reference_05pct_recalibration,full_heldout,event_rate,298,0.14189837008628955,0.00642677893273471,0.1292517006802721,0.15306122448979592,,,
waveform_enhanced_ridge,VitalDB,0.35,mixed_MNAR,strong,reference_05pct_recalibration,full_heldout,oe,298,1.328616442257231,0.9336604005456518,0.47554186560654976,4.389742456747756,1.0,0.3286164422572311,0.9883244755234534
waveform_enhanced_ridge,VitalDB,0.35,mixed_MNAR,strong,reference_05pct_recalibration,full_heldout,brier,298,0.12286622045007546,0.012982169288543097,0.10999928280855503,0.15663398288782318,,,
waveform_enhanced_ridge,VitalDB,0.35,mixed_MNAR,strong,reference_05pct_recalibration,full_heldout,auc,298,0.6233859502282173,0.12874449926714338,0.29845271377614957,0.6977992315692682,,,
waveform_enhanced_ridge,VitalDB,0.35,mixed_MNAR,strong,reference_05pct_recalibration,full_heldout,calibration_intercept,298,0.23561894402722888,10.904634468698816,-22.02467184750178,23.538858119003823,0.0,0.23561894402722888,10.888872246650404
waveform_enhanced_ridge,VitalDB,0.35,mixed_MNAR,strong,reference_05pct_recalibration,full_heldout,calibration_slope,298,1.2809173908825797,5.948433183163797,-9.595340023920905,12.187830330460095,1.0,0.2809173908825797,5.94508487229358
waveform_enhanced_ridge,VitalDB,0.35,mixed_MNAR,strong,reference_05pct_recalibration,full_heldout,outcome_observed_fraction,298,0.32068729803629137,0.020545070904105327,0.28217592592592594,0.35802469135802467,,,
waveform_enhanced_ridge,VitalDB,0.35,mixed_MNAR,strong,reference_05pct_recalibration,full_heldout,reconstructed_sensitivity,298,0.5444995622993871,0.06227621436796846,0.41304347826086957,0.6739130434782609,,,
waveform_enhanced_ridge,VitalDB,0.35,mixed_MNAR,strong,reference_05pct_recalibration,full_heldout,ess,298,294.0,0.0,294.0,294.0,,,
waveform_enhanced_ridge,VitalDB,0.35,mixed_MNAR,strong,reference_05pct_recalibration,full_heldout,event_rate_se,298,0.02034381139356186,0.0003878756161541065,0.019565492543623577,0.020998338616454712,,,
waveform_enhanced_ridge,VitalDB,0.35,mixed_MNAR,strong,reference_05pct_recalibration,full_heldout,reference_sample_n,298,30.0,0.0,30.0,30.0,,,
waveform_enhanced_ridge,VitalDB,0.35,mixed_MNAR,strong,reference_05pct_recalibration,full_heldout,evaluation_n,298,294.0,0.0,294.0,294.0,,,
waveform_enhanced_ridge,VitalDB,0.35,mixed_MNAR,strong,reference_10pct_recalibration,full_heldout,event_rate,299,0.14212322863152088,0.006705653901984726,0.12869415807560136,0.15463917525773196,,,
waveform_enhanced_ridge,VitalDB,0.35,mixed_MNAR,strong,reference_10pct_recalibration,full_heldout,oe,299,1.3275796352538098,0.9524724284648242,0.5077419887284188,4.585455727205197,1.0,0.32757963525380984,1.0057226348459543
waveform_enhanced_ridge,VitalDB,0.35,mixed_MNAR,strong,reference_10pct_recalibration,full_heldout,brier,299,0.12157964631731198,0.010929105065891911,0.1098072111689937,0.1480818987524718,,,
waveform_enhanced_ridge,VitalDB,0.35,mixed_MNAR,strong,reference_10pct_recalibration,full_heldout,auc,299,0.6289124325449003,0.12398342185960765,0.2941268292682927,0.698341119180555,,,
waveform_enhanced_ridge,VitalDB,0.35,mixed_MNAR,strong,reference_10pct_recalibration,full_heldout,calibration_intercept,299,-1.0348657112511217,24.367294467991083,-22.8349073103857,22.499132761497684,0.0,-1.0348657112511217,24.348514338188462
waveform_enhanced_ridge,VitalDB,0.35,mixed_MNAR,strong,reference_10pct_recalibration,full_heldout,calibration_slope,299,0.8083346755520209,9.258176809607589,-9.107020913744563,14.544225789653325,1.0,-0.19166532444797912,9.244669008708662
waveform_enhanced_ridge,VitalDB,0.35,mixed_MNAR,strong,reference_10pct_recalibration,full_heldout,outcome_observed_fraction,299,0.3207192699946323,0.020518019771365616,0.2822530864197531,0.35802469135802467,,,
waveform_enhanced_ridge,VitalDB,0.35,mixed_MNAR,strong,reference_10pct_recalibration,full_heldout,reconstructed_sensitivity,299,0.5444961465755416,0.062171664323634364,0.41304347826086957,0.6739130434782609,,,
waveform_enhanced_ridge,VitalDB,0.35,mixed_MNAR,strong,reference_10pct_recalibration,full_heldout,ess,299,291.0,0.0,291.0,291.0,,,
waveform_enhanced_ridge,VitalDB,0.35,mixed_MNAR,strong,reference_10pct_recalibration,full_heldout,event_rate_se,299,0.020461297374765364,0.0004067186466749325,0.019629336928983956,0.021195044218573513,,,
waveform_enhanced_ridge,VitalDB,0.35,mixed_MNAR,strong,reference_10pct_recalibration,full_heldout,reference_sample_n,299,33.0,0.0,33.0,33.0,,,
waveform_enhanced_ridge,VitalDB,0.35,mixed_MNAR,strong,reference_10pct_recalibration,full_heldout,evaluation_n,299,291.0,0.0,291.0,291.0,,,
waveform_enhanced_ridge,VitalDB,0.35,mixed_MNAR,strong,reference_20pct_recalibration,full_heldout,event_rate,300,0.14265122265122263,0.009873117661360476,0.12355212355212356,0.16216216216216217,,,
waveform_enhanced_ridge,VitalDB,0.35,mixed_MNAR,strong,reference_20pct_recalibration,full_heldout,oe,300,1.1478432042061562,0.4467505601940703,0.5644446479324033,2.3162393716248477,1.0,0.14784320420615615,0.4698706089838772
waveform_enhanced_ridge,VitalDB,0.35,mixed_MNAR,strong,reference_20pct_recalibration,full_heldout,brier,300,0.11658526145048903,0.007902387825452287,0.10622392827525065,0.13657721591864222,,,
waveform_enhanced_ridge,VitalDB,0.35,mixed_MNAR,strong,reference_20pct_recalibration,full_heldout,auc,300,0.6636971064787596,0.07417749471541096,0.29190559440559444,0.7178005107125063,,,
waveform_enhanced_ridge,VitalDB,0.35,mixed_MNAR,strong,reference_20pct_recalibration,full_heldout,calibration_intercept,300,0.07067795619206182,6.742760444935989,-14.00735419162258,11.097132417070036,0.0,0.07067795619206182,6.731884163929061
waveform_enhanced_ridge,VitalDB,0.35,mixed_MNAR,strong,reference_20pct_recalibration,full_heldout,calibration_slope,300,1.0531648094722244,3.4214897493683214,-5.346702015202926,6.1763375700702445,1.0,0.05316480947222435,3.416196222162198
waveform_enhanced_ridge,VitalDB,0.35,mixed_MNAR,strong,reference_20pct_recalibration,full_heldout,outcome_observed_fraction,300,0.32084362139917694,0.020596604731426646,0.2823302469135803,0.35802469135802467,,,
waveform_enhanced_ridge,VitalDB,0.35,mixed_MNAR,strong,reference_20pct_recalibration,full_heldout,reconstructed_sensitivity,300,0.5441304347826087,0.062389998410610936,0.41304347826086957,0.6739130434782609,,,
waveform_enhanced_ridge,VitalDB,0.35,mixed_MNAR,strong,reference_20pct_recalibration,full_heldout,ess,300,259.0,0.0,259.0,259.0,,,
waveform_enhanced_ridge,VitalDB,0.35,mixed_MNAR,strong,reference_20pct_recalibration,full_heldout,event_rate_se,300,0.021712534171101954,0.0006324581122317794,0.020447408414756684,0.022903658837129595,,,
waveform_enhanced_ridge,VitalDB,0.35,mixed_MNAR,strong,reference_20pct_recalibration,full_heldout,reference_sample_n,300,65.0,0.0,65.0,65.0,,,
waveform_enhanced_ridge,VitalDB,0.35,mixed_MNAR,strong,reference_20pct_recalibration,full_heldout,evaluation_n,300,259.0,0.0,259.0,259.0,,,
waveform_enhanced_ridge,VitalDB,0.35,mixed_MNAR,strong,reference_30pct_recalibration,full_heldout,event_rate,300,0.1421386430678466,0.012667114839390592,0.11946902654867257,0.16371681415929204,,,
waveform_enhanced_ridge,VitalDB,0.35,mixed_MNAR,strong,reference_30pct_recalibration,full_heldout,oe,300,1.0766062594451034,0.33396719109226963,0.5960186317350943,1.842854960037678,1.0,0.07660625944510335,0.3420976811231126
waveform_enhanced_ridge,VitalDB,0.35,mixed_MNAR,strong,reference_30pct_recalibration,full_heldout,brier,300,0.11439701317009988,0.00895709208191707,0.1001966979370686,0.13493468018982951,,,
waveform_enhanced_ridge,VitalDB,0.35,mixed_MNAR,strong,reference_30pct_recalibration,full_heldout,auc,300,0.6773516936356019,0.029372548677729395,0.6205295879072791,0.7323714013969825,,,
waveform_enhanced_ridge,VitalDB,0.35,mixed_MNAR,strong,reference_30pct_recalibration,full_heldout,calibration_intercept,300,1.0365024377833598,6.552416340013286,-0.9993710117117359,5.04482091168483,0.0,1.0365024377833598,6.623094694332429
waveform_enhanced_ridge,VitalDB,0.35,mixed_MNAR,strong,reference_30pct_recalibration,full_heldout,calibration_slope,300,1.5270066444208892,3.239570572868661,0.42328372632671485,3.611571930575446,1.0,0.5270066444208892,3.2768232748916586
waveform_enhanced_ridge,VitalDB,0.35,mixed_MNAR,strong,reference_30pct_recalibration,full_heldout,outcome_observed_fraction,300,0.32084362139917694,0.020596604731426646,0.2823302469135803,0.35802469135802467,,,
waveform_enhanced_ridge,VitalDB,0.35,mixed_MNAR,strong,reference_30pct_recalibration,full_heldout,reconstructed_sensitivity,300,0.5441304347826087,0.062389998410610936,0.41304347826086957,0.6739130434782609,,,
waveform_enhanced_ridge,VitalDB,0.35,mixed_MNAR,strong,reference_30pct_recalibration,full_heldout,ess,300,226.0,0.0,226.0,226.0,,,
waveform_enhanced_ridge,VitalDB,0.35,mixed_MNAR,strong,reference_30pct_recalibration,full_heldout,event_rate_se,300,0.02319629514888888,0.0008736829619364075,0.021574749482665082,0.024613258075699584,,,
waveform_enhanced_ridge,VitalDB,0.35,mixed_MNAR,strong,reference_30pct_recalibration,full_heldout,reference_sample_n,300,98.0,0.0,98.0,98.0,,,
waveform_enhanced_ridge,VitalDB,0.35,mixed_MNAR,strong,reference_30pct_recalibration,full_heldout,evaluation_n,300,226.0,0.0,226.0,226.0,,,
