database,reference_fraction,strategy,metric,n_replicates,mean,sd,q025,q50,q975
EICU,0.05,cluster_stratified,reference_n,500,163.0,0.0,163.0,163.0,163.0
EICU,0.05,cluster_stratified,reference_events,500,36.818,5.366794291001272,27.0,36.5,48.0
EICU,0.05,cluster_stratified,reference_weight_ess,500,162.6538340984751,2.84501738435774e-14,162.65383409847513,162.65383409847513,162.65383409847513
EICU,0.05,cluster_stratified,fit_failed,500,0.0,0.0,0.0,0.0,0.0
EICU,0.05,cluster_stratified,heldout_oe,500,1.015443694296318,0.161713502669141,0.7466070689706977,0.994685764594455,1.3788066812787985
EICU,0.05,cluster_stratified,heldout_calibration_slope,500,1.0611102406815625,3.9457713971577117,0.316507451554444,0.9308577353292306,5.049228276355665
EICU,0.05,cluster_stratified,heldout_brier,500,0.17195611983589218,0.002498102223864269,0.16951256022857722,0.1712935628786989,0.17959679289492053
EICU,0.05,cluster_stratified,absolute_log_oe,500,0.11933359874683615,0.09652210272916258,0.0053241151672511165,0.09895631752769628,0.35221483720286395
EICU,0.05,random,reference_n,500,163.0,0.0,163.0,163.0,163.0
EICU,0.05,random,reference_events,500,36.444,5.14546554077107,27.0,37.0,47.0
EICU,0.05,random,reference_weight_ess,500,163.0,0.0,163.0,163.0,163.0
EICU,0.05,random,fit_failed,500,0.0,0.0,0.0,0.0,0.0
EICU,0.05,random,heldout_oe,500,1.0276511385319274,0.16020905075213993,0.7743604606079657,1.0073090011687926,1.386610970202414
EICU,0.05,random,heldout_calibration_slope,500,1.607820226313288,6.5407820145566955,-2.5642753929145545,0.9869634629090892,9.858650204003807
EICU,0.05,random,heldout_brier,500,0.1719508756914432,0.0024802486160544735,0.16944105284060565,0.17110220507656237,0.17870900627734435
EICU,0.05,random,absolute_log_oe,500,0.12206532389028658,0.09052821115326173,0.004778578752326097,0.10450183232028597,0.32846780263479225
EICU,0.05,risk_enriched,reference_n,500,163.0,0.0,163.0,163.0,163.0
EICU,0.05,risk_enriched,reference_events,500,44.304,5.3689137140522085,35.0,44.0,55.0
EICU,0.05,risk_enriched,reference_weight_ess,500,120.52674738429394,2.84501738435774e-14,120.52674738429397,120.52674738429397,120.52674738429397
EICU,0.05,risk_enriched,fit_failed,500,0.0,0.0,0.0,0.0,0.0
EICU,0.05,risk_enriched,heldout_oe,500,1.014263806309258,0.175473095721932,0.7437306306707065,0.9864533797603598,1.4038494979027987
EICU,0.05,risk_enriched,heldout_calibration_slope,500,1.522431432605398,6.560087733527843,0.3878516156595755,0.9339274640014664,6.883303118535396
EICU,0.05,risk_enriched,heldout_brier,500,0.17078857855225477,0.002321325838206534,0.1682535767333893,0.17016391019823485,0.17647302231574422
EICU,0.05,risk_enriched,absolute_log_oe,500,0.13383315542452623,0.1003912773701237,0.0057408262375376945,0.10590097665543169,0.36807790002271584
EICU,0.05,risk_quintile_equal,reference_n,500,163.0,0.0,163.0,163.0,163.0
EICU,0.05,risk_quintile_equal,reference_events,500,36.566,5.282940746009906,26.0,36.0,47.0
EICU,0.05,risk_quintile_equal,reference_weight_ess,500,162.96348894128246,0.0,162.96348894128246,162.96348894128246,162.96348894128246
EICU,0.05,risk_quintile_equal,fit_failed,500,0.0,0.0,0.0,0.0,0.0
EICU,0.05,risk_quintile_equal,heldout_oe,500,1.0204208591236124,0.16186730992317858,0.7603896413832156,1.0075066830423824,1.396179100801984
EICU,0.05,risk_quintile_equal,heldout_calibration_slope,500,1.0653447664898035,6.638190221594969,0.39539785925166593,0.9576701353244588,5.609702429821171
EICU,0.05,risk_quintile_equal,heldout_brier,500,0.17197582521977403,0.0025298015560032325,0.16953369558381742,0.17115911333338935,0.17861441663526736
EICU,0.05,risk_quintile_equal,absolute_log_oe,500,0.1229338599587938,0.09347523186478952,0.008229071413255967,0.10327398404107185,0.3506725540478464
EICU,0.1,cluster_stratified,reference_n,500,326.0,0.0,326.0,326.0,326.0
EICU,0.1,cluster_stratified,reference_events,500,73.956,7.3149902367897015,60.475,74.0,88.0
EICU,0.1,cluster_stratified,reference_weight_ess,500,325.9594640782769,5.69003476871548e-14,325.9594640782768,325.9594640782768,325.9594640782768
EICU,0.1,cluster_stratified,fit_failed,500,0.0,0.0,0.0,0.0,0.0
EICU,0.1,cluster_stratified,heldout_oe,500,1.000304234011809,0.1092455669945781,0.8129594863349031,0.9919395682945298,1.2316648933835617
EICU,0.1,cluster_stratified,heldout_calibration_slope,500,1.1188991970843716,1.600839351100709,0.5442687394523853,0.9844512527330249,2.6623061689520826
EICU,0.1,cluster_stratified,heldout_brier,500,0.17064024017268936,0.0015889725017171443,0.16880876042427786,0.17020725384209412,0.17504370779521905
EICU,0.1,cluster_stratified,absolute_log_oe,500,0.08686867865326503,0.06482174747939934,0.00326432046964984,0.07641637240727123,0.2411028040249054
EICU,0.1,random,reference_n,500,326.0,0.0,326.0,326.0,326.0
EICU,0.1,random,reference_events,500,72.562,6.830774110589502,58.0,73.0,85.52499999999998
EICU,0.1,random,reference_weight_ess,500,326.0,0.0,326.0,326.0,326.0
EICU,0.1,random,fit_failed,500,0.0,0.0,0.0,0.0,0.0
EICU,0.1,random,heldout_oe,500,1.019757723963198,0.10978094962228961,0.8459115434315351,1.0050828484089465,1.2704556081613831
EICU,0.1,random,heldout_calibration_slope,500,1.1648776729171746,1.190804659380022,0.5367455799056166,1.0183701371648812,3.0323803566849654
EICU,0.1,random,heldout_brier,500,0.17083291742185047,0.0018118389470364786,0.16888638277635007,0.170277391335517,0.17571847612293062
EICU,0.1,random,absolute_log_oe,500,0.08382596017190784,0.06485449314522707,0.0034167021437944136,0.06915475405337423,0.2401658311162034
EICU,0.1,risk_enriched,reference_n,500,326.0,0.0,326.0,326.0,326.0
EICU,0.1,risk_enriched,reference_events,500,88.09,7.149554689946015,73.475,88.0,103.0
EICU,0.1,risk_enriched,reference_weight_ess,500,239.7578977802273,2.84501738435774e-14,239.75789778022732,239.75789778022732,239.75789778022732
EICU,0.1,risk_enriched,fit_failed,500,0.0,0.0,0.0,0.0,0.0
EICU,0.1,risk_enriched,heldout_oe,500,1.0098556829182033,0.12457258433133694,0.7901700240592789,0.9994065206995592,1.299243968450904
EICU,0.1,risk_enriched,heldout_calibration_slope,500,1.1708672083625769,0.8601127009143092,0.5034250957636669,0.9547821404187685,3.2405324431218276
EICU,0.1,risk_enriched,heldout_brier,500,0.16847559647164181,0.001588534463341478,0.16651092496915074,0.16804983546763047,0.17279055259559445
EICU,0.1,risk_enriched,absolute_log_oe,500,0.09579220579586163,0.07528196927965769,0.003302982807141794,0.07820029029682546,0.2871308300611458
EICU,0.1,risk_quintile_equal,reference_n,500,326.0,0.0,326.0,326.0,326.0
EICU,0.1,risk_quintile_equal,reference_events,500,72.786,6.589008580062426,61.0,73.0,86.0
EICU,0.1,risk_quintile_equal,reference_weight_ess,500,325.9888753024343,1.138006953743096e-13,325.98887530243417,325.98887530243417,325.98887530243417
EICU,0.1,risk_quintile_equal,fit_failed,500,0.0,0.0,0.0,0.0,0.0
EICU,0.1,risk_quintile_equal,heldout_oe,500,1.0157290669668022,0.10391547216538934,0.8363358595819724,1.0079875037190749,1.2292453696441739
EICU,0.1,risk_quintile_equal,heldout_calibration_slope,500,1.2252442586942836,1.1665108657320797,0.5160723992936409,1.0124707482448767,3.617405310229392
EICU,0.1,risk_quintile_equal,heldout_brier,500,0.1707985892931277,0.0016742532438179607,0.16892870922084519,0.17028548801300508,0.17477135823096057
EICU,0.1,risk_quintile_equal,absolute_log_oe,500,0.08125605565223577,0.061560697314546726,0.0025644953770300486,0.06879098345462152,0.22216440578729454
EICU,0.2,cluster_stratified,reference_n,500,651.0,0.0,651.0,651.0,651.0
EICU,0.2,cluster_stratified,reference_events,500,145.934,9.709696205381588,127.0,146.0,164.0
EICU,0.2,cluster_stratified,reference_weight_ess,500,650.9875834606383,1.138006953743096e-13,650.9875834606382,650.9875834606382,650.9875834606382
EICU,0.2,cluster_stratified,fit_failed,500,0.0,0.0,0.0,0.0,0.0
EICU,0.2,cluster_stratified,heldout_oe,500,1.0084878900711927,0.08346155748136472,0.85962990460634,1.0048739432512943,1.17965492626901
EICU,0.2,cluster_stratified,heldout_calibration_slope,500,1.0788418998498004,0.40327228291935646,0.5702589372283733,0.9934251950938328,2.0620201825057705
EICU,0.2,cluster_stratified,heldout_brier,500,0.1703877480304418,0.002060974267908155,0.16703403947580134,0.17014771846092697,0.17506063866928182
EICU,0.2,cluster_stratified,absolute_log_oe,500,0.06672860037262283,0.04871462403452423,0.004007448886676379,0.0581925842357609,0.17667023834427018
EICU,0.2,random,reference_n,500,651.0,0.0,651.0,651.0,651.0
EICU,0.2,random,reference_events,500,146.86,9.995209273288562,129.475,147.0,168.0
EICU,0.2,random,reference_weight_ess,500,650.9999999999999,1.138006953743096e-13,650.9999999999998,650.9999999999998,650.9999999999998
EICU,0.2,random,fit_failed,500,0.0,0.0,0.0,0.0,0.0
EICU,0.2,random,heldout_oe,500,1.0005208677114463,0.08466347096860363,0.8506408565177491,0.999304237630187,1.1701284401939258
EICU,0.2,random,heldout_calibration_slope,500,1.0832325660948767,0.3900110135110772,0.5780290707744409,1.013393933714588,1.9378333227788358
EICU,0.2,random,heldout_brier,500,0.17016137732258413,0.0021052068925584955,0.16685741304045426,0.16989615480693146,0.17470986267269012
EICU,0.2,random,absolute_log_oe,500,0.06807210687770007,0.04998330809802634,0.0022138899378722366,0.06098010872295399,0.18516529313129143
EICU,0.2,risk_enriched,reference_n,500,651.0,0.0,651.0,651.0,651.0
EICU,0.2,risk_enriched,reference_events,500,175.98,9.049385767306589,158.0,176.0,193.0
EICU,0.2,risk_enriched,reference_weight_ess,500,479.42889551313664,5.69003476871548e-14,479.4288955131366,479.4288955131366,479.4288955131366
EICU,0.2,risk_enriched,fit_failed,500,0.0,0.0,0.0,0.0,0.0
EICU,0.2,risk_enriched,heldout_oe,500,0.9998894074391074,0.09707293300489962,0.8199582706852577,0.998391494985162,1.1941818866517744
EICU,0.2,risk_enriched,heldout_calibration_slope,500,1.0123269197339306,0.37214900914178717,0.5308184115602114,0.9390571168732786,1.9372991195969926
EICU,0.2,risk_enriched,heldout_brier,500,0.16507009717542934,0.0017279979861155204,0.1626994326556434,0.1647129909873568,0.16911946770537706
EICU,0.2,risk_enriched,absolute_log_oe,500,0.0769016071161063,0.05932054797919474,0.002548821962458564,0.06388531909680815,0.2198570945906884
EICU,0.2,risk_quintile_equal,reference_n,500,651.0,0.0,651.0,651.0,651.0
EICU,0.2,risk_quintile_equal,reference_events,500,146.368,9.235321235161951,129.0,146.0,164.52499999999998
EICU,0.2,risk_quintile_equal,reference_weight_ess,500,650.9947384736133,2.276013907486192e-13,650.9947384736131,650.9947384736131,650.9947384736131
EICU,0.2,risk_quintile_equal,fit_failed,500,0.0,0.0,0.0,0.0,0.0
EICU,0.2,risk_quintile_equal,heldout_oe,500,1.0034841506768821,0.07955810130560664,0.8641347123284284,1.0012101350264637,1.169108973814749
EICU,0.2,risk_quintile_equal,heldout_calibration_slope,500,1.0793963077738953,0.3604971839603309,0.551434279843183,1.0017971459726476,1.9683480387482784
EICU,0.2,risk_quintile_equal,heldout_brier,500,0.17023799489026395,0.0020081343766626594,0.16716231551803892,0.17000425190618254,0.17478149661164954
EICU,0.2,risk_quintile_equal,absolute_log_oe,500,0.06307719775304989,0.047222490891440976,0.0029412100796623445,0.054261445294251705,0.1727347613329582
INSPIRE,0.05,cluster_stratified,reference_n,500,84.0,0.0,84.0,84.0,84.0
INSPIRE,0.05,cluster_stratified,reference_events,500,6.926,2.446322338934905,3.0,7.0,12.0
INSPIRE,0.05,cluster_stratified,reference_weight_ess,500,83.99614617233266,1.42250869217887e-14,83.99614617233267,83.99614617233267,83.99614617233267
INSPIRE,0.05,cluster_stratified,fit_failed,500,0.0,0.0,0.0,0.0,0.0
INSPIRE,0.05,cluster_stratified,heldout_oe,500,1.1832871787147157,0.7421050583951073,0.5529914896706101,0.9998871690086448,3.31185272418754
INSPIRE,0.05,cluster_stratified,heldout_calibration_slope,500,1.463036004341705,5.926226105061541,0.2542866159700187,0.9565296581047209,4.0274931601966815
INSPIRE,0.05,cluster_stratified,heldout_brier,500,0.07457042369696998,0.0040094163884165646,0.07098827869816571,0.07341175227761822,0.08460861463578616
INSPIRE,0.05,cluster_stratified,absolute_log_oe,500,0.32210485241964665,0.2889954168639726,0.00884754732436116,0.27017109914440207,1.1974492982076232
INSPIRE,0.05,random,reference_n,500,84.0,0.0,84.0,84.0,84.0
INSPIRE,0.05,random,reference_events,500,6.958,2.4182497521404724,3.0,7.0,12.0
INSPIRE,0.05,random,reference_weight_ess,500,84.0,0.0,84.0,84.0,84.0
INSPIRE,0.05,random,fit_failed,500,0.0,0.0,0.0,0.0,0.0
INSPIRE,0.05,random,heldout_oe,500,1.1774212410652078,0.691560259153267,0.5451166747000001,1.00687184718617,2.902388013460718
INSPIRE,0.05,random,heldout_calibration_slope,500,1.459230832360528,4.844830431011869,0.3751748859926711,0.9628155970324126,4.280728091196973
INSPIRE,0.05,random,heldout_brier,500,0.07426275076256783,0.0034174085906652843,0.07094517950981102,0.07328941840121406,0.08347372846334113
INSPIRE,0.05,random,absolute_log_oe,500,0.3117281521947564,0.2795836708318145,0.013439437236957424,0.24709384947552365,1.0655149762703011
INSPIRE,0.05,risk_enriched,reference_n,500,84.0,0.0,84.0,84.0,84.0
INSPIRE,0.05,risk_enriched,reference_events,500,10.248,2.770170335444149,5.0,10.0,15.0
INSPIRE,0.05,risk_enriched,reference_weight_ess,500,61.816735272172416,7.11254346089435e-15,61.81673527217242,61.81673527217242,61.81673527217242
INSPIRE,0.05,risk_enriched,fit_failed,500,0.0,0.0,0.0,0.0,0.0
INSPIRE,0.05,risk_enriched,heldout_oe,500,1.2116590585676676,0.6744995461224225,0.5457064841550006,1.0175344074418682,2.8734864099275477
INSPIRE,0.05,risk_enriched,heldout_calibration_slope,500,1.162974064683017,2.094789812788839,0.3463747450416779,0.9297344848541519,3.549110351276039
INSPIRE,0.05,risk_enriched,heldout_brier,500,0.07215055778675991,0.002377327750398515,0.0693505096781165,0.07147838349927567,0.0787631329917142
INSPIRE,0.05,risk_enriched,absolute_log_oe,500,0.3451051871659265,0.28798915386067087,0.011618852373283443,0.28380262055245903,1.0555109225810393
INSPIRE,0.05,risk_quintile_equal,reference_n,500,84.0,0.0,84.0,84.0,84.0
INSPIRE,0.05,risk_quintile_equal,reference_events,500,6.734,2.3703335128044425,3.0,7.0,12.0
INSPIRE,0.05,risk_quintile_equal,reference_weight_ess,500,83.95173564637842,0.0,83.95173564637842,83.95173564637842,83.95173564637842
INSPIRE,0.05,risk_quintile_equal,fit_failed,500,0.0,0.0,0.0,0.0,0.0
INSPIRE,0.05,risk_quintile_equal,heldout_oe,500,1.354415962381453,3.1299922511056444,0.5552054148377699,1.0016679930341226,2.880834036043783
INSPIRE,0.05,risk_quintile_equal,heldout_calibration_slope,500,1.0594390504511062,9.254420767637082,0.35022191311959905,0.9718371167457641,5.568818748965602
INSPIRE,0.05,risk_quintile_equal,heldout_brier,500,0.07452043653925829,0.003663013152990491,0.07106946219700168,0.07340160924104491,0.08484280755564834
INSPIRE,0.05,risk_quintile_equal,absolute_log_oe,500,0.33063972049485346,0.34625521398637643,0.010849109780501938,0.27270799209652224,1.0580298029903916
INSPIRE,0.1,cluster_stratified,reference_n,500,168.0,0.0,168.0,168.0,168.0
INSPIRE,0.1,cluster_stratified,reference_events,500,13.992,3.218797495125976,8.0,14.0,20.0
INSPIRE,0.1,cluster_stratified,reference_weight_ess,500,167.9935211106338,0.0,167.9935211106338,167.9935211106338,167.9935211106338
INSPIRE,0.1,cluster_stratified,fit_failed,500,0.0,0.0,0.0,0.0,0.0
INSPIRE,0.1,cluster_stratified,heldout_oe,500,1.0515693720736212,0.31675953535043166,0.6484307467293308,0.999489103995389,1.6795419328594539
INSPIRE,0.1,cluster_stratified,heldout_calibration_slope,500,1.1873037780393574,1.374769070761575,0.5636704691782627,0.9870832688846696,2.578403759021772
INSPIRE,0.1,cluster_stratified,heldout_brier,500,0.07284965402964474,0.0023164159945825284,0.0697108077815929,0.07247650778188203,0.07869750910128474
INSPIRE,0.1,cluster_stratified,absolute_log_oe,500,0.205042757184608,0.16742715407060907,0.009958114595402098,0.1748843852100405,0.5931440203061008
INSPIRE,0.1,random,reference_n,500,168.0,0.0,168.0,168.0,168.0
INSPIRE,0.1,random,reference_events,500,13.696,3.427401078997412,7.0,13.0,21.0
INSPIRE,0.1,random,reference_weight_ess,500,168.0,0.0,168.0,168.0,168.0
INSPIRE,0.1,random,fit_failed,500,0.0,0.0,0.0,0.0,0.0
INSPIRE,0.1,random,heldout_oe,500,1.0887054833337677,0.3390638355136962,0.6411468900837338,1.0254039645210193,1.9943298645567367
INSPIRE,0.1,random,heldout_calibration_slope,500,1.1378574725934336,0.6752203292868584,0.5135260894250989,0.9734424756623328,2.6045149505275074
INSPIRE,0.1,random,heldout_brier,500,0.07301032002211716,0.0023642131433344667,0.06971596111602786,0.07254619884964876,0.0788253459838107
INSPIRE,0.1,random,absolute_log_oe,500,0.2159670463235778,0.18212485697338818,0.0074336290823798,0.17710781518842866,0.6901999877907133
INSPIRE,0.1,risk_enriched,reference_n,500,168.0,0.0,168.0,168.0,168.0
INSPIRE,0.1,risk_enriched,reference_events,500,20.254,3.9380834173496133,13.0,20.0,28.0
INSPIRE,0.1,risk_enriched,reference_weight_ess,500,123.63347054434486,2.84501738435774e-14,123.63347054434489,123.63347054434489,123.63347054434489
INSPIRE,0.1,risk_enriched,fit_failed,500,0.0,0.0,0.0,0.0,0.0
INSPIRE,0.1,risk_enriched,heldout_oe,500,1.098234887451233,0.38853931938546027,0.5959125907654795,1.014877424375319,2.0661228807454872
INSPIRE,0.1,risk_enriched,heldout_calibration_slope,500,1.072103861282178,0.4073722873191422,0.5601491884648534,0.985251950463845,2.2584749087407467
INSPIRE,0.1,risk_enriched,heldout_brier,500,0.06938662557866303,0.0020725309047129716,0.06676808574876723,0.06893098750789975,0.07466291878313612
INSPIRE,0.1,risk_enriched,absolute_log_oe,500,0.24463089468024096,0.20048836265903713,0.009476714471259627,0.2010064575619614,0.7255333503612712
INSPIRE,0.1,risk_quintile_equal,reference_n,500,168.0,0.0,168.0,168.0,168.0
INSPIRE,0.1,risk_quintile_equal,reference_events,500,13.738,3.277627447311047,7.0,14.0,20.0
INSPIRE,0.1,risk_quintile_equal,reference_weight_ess,500,167.96623526318197,2.84501738435774e-14,167.96623526318194,167.96623526318194,167.96623526318194
INSPIRE,0.1,risk_quintile_equal,fit_failed,500,0.0,0.0,0.0,0.0,0.0
INSPIRE,0.1,risk_quintile_equal,heldout_oe,500,1.0725186844150245,0.3458029469060257,0.6499880348627494,0.9926817877276353,2.0570322980616087
INSPIRE,0.1,risk_quintile_equal,heldout_calibration_slope,500,1.1876534525626778,1.9874599191528124,0.5500744531396147,0.9616047329950456,2.736473979142721
INSPIRE,0.1,risk_quintile_equal,heldout_brier,500,0.07306658428900868,0.002255214862763976,0.06991198692405154,0.072631895531138,0.07831324288784916
INSPIRE,0.1,risk_quintile_equal,absolute_log_oe,500,0.21573499742428953,0.18605071467137566,0.007954848385899957,0.16464924960198724,0.726661386262129
INSPIRE,0.2,cluster_stratified,reference_n,500,336.0,0.0,336.0,336.0,336.0
INSPIRE,0.2,cluster_stratified,reference_events,500,27.494,4.415989802056129,19.0,27.0,36.0
INSPIRE,0.2,cluster_stratified,reference_weight_ess,500,335.99997669657216,0.0,335.99997669657216,335.99997669657216,335.99997669657216
INSPIRE,0.2,cluster_stratified,fit_failed,500,0.0,0.0,0.0,0.0,0.0
INSPIRE,0.2,cluster_stratified,heldout_oe,500,1.040780514496917,0.22032805268958772,0.7250261653355399,1.0046439150982271,1.5834063556138085
INSPIRE,0.2,cluster_stratified,heldout_calibration_slope,500,1.0472171120581795,0.2708860619820642,0.6159063181101874,1.0200643866422978,1.6512753558703994
INSPIRE,0.2,cluster_stratified,heldout_brier,500,0.07236267760113095,0.002679508682539266,0.06767947005915154,0.072245608020571,0.07830988894248558
INSPIRE,0.2,cluster_stratified,absolute_log_oe,500,0.1579786634604332,0.1261322347983718,0.005480984885000424,0.12552939906195426,0.46837808840792844
INSPIRE,0.2,random,reference_n,500,336.0,0.0,336.0,336.0,336.0
INSPIRE,0.2,random,reference_events,500,27.43,4.655367320607425,18.0,27.0,37.0
INSPIRE,0.2,random,reference_weight_ess,500,336.0,0.0,336.0,336.0,336.0
INSPIRE,0.2,random,fit_failed,500,0.0,0.0,0.0,0.0,0.0
INSPIRE,0.2,random,heldout_oe,500,1.0443521294221891,0.23218310313828866,0.702054941517542,1.0064755587137744,1.6104650876212936
INSPIRE,0.2,random,heldout_calibration_slope,500,1.039854969308552,0.29194765064995465,0.6282778240315368,0.9797190410959147,1.7581210670219547
INSPIRE,0.2,random,heldout_brier,500,0.07248761942804793,0.0028151164624236665,0.06787142230076983,0.07236407427307266,0.07872552450248617
INSPIRE,0.2,random,absolute_log_oe,500,0.1679027369841845,0.13184622045893887,0.004575078156697347,0.13942885290187584,0.48204587025125767
INSPIRE,0.2,risk_enriched,reference_n,500,336.0,0.0,336.0,336.0,336.0
INSPIRE,0.2,risk_enriched,reference_events,500,40.452,4.41391677794737,32.0,40.5,47.52499999999998
INSPIRE,0.2,risk_enriched,reference_weight_ess,500,247.26694108868972,5.69003476871548e-14,247.26694108868978,247.26694108868978,247.26694108868978
INSPIRE,0.2,risk_enriched,fit_failed,500,0.0,0.0,0.0,0.0,0.0
INSPIRE,0.2,risk_enriched,heldout_oe,500,1.074675501912707,0.2612043734096248,0.699253056512265,1.0367030100929409,1.7368689188222324
INSPIRE,0.2,risk_enriched,heldout_calibration_slope,500,1.0686420110971877,0.29624500868478976,0.597373192163731,1.0264194430983609,1.7173022531286115
INSPIRE,0.2,risk_enriched,heldout_brier,500,0.06481971914521688,0.0025042797878614452,0.060999102487093566,0.06454715562784344,0.07021449014751385
INSPIRE,0.2,risk_enriched,absolute_log_oe,500,0.18771911090456128,0.14250389377798817,0.010053431272589976,0.15522829194558724,0.552079753557073
INSPIRE,0.2,risk_quintile_equal,reference_n,500,336.0,0.0,336.0,336.0,336.0
INSPIRE,0.2,risk_quintile_equal,reference_events,500,27.496,4.22014255759362,19.475,27.5,36.0
INSPIRE,0.2,risk_quintile_equal,reference_weight_ess,500,335.9924572908165,0.0,335.9924572908165,335.9924572908165,335.9924572908165
INSPIRE,0.2,risk_quintile_equal,fit_failed,500,0.0,0.0,0.0,0.0,0.0
INSPIRE,0.2,risk_quintile_equal,heldout_oe,500,1.035640848555258,0.211810419157689,0.7117322358197273,1.0031979551007622,1.4941310080451784
INSPIRE,0.2,risk_quintile_equal,heldout_calibration_slope,500,1.026102299792423,0.27673471720432824,0.6577238410046867,0.9760831430556662,1.7090384071129265
INSPIRE,0.2,risk_quintile_equal,heldout_brier,500,0.07239524741251281,0.0024675944743432878,0.06789558423602335,0.07227916688193259,0.07753711018494976
INSPIRE,0.2,risk_quintile_equal,absolute_log_oe,500,0.15499486616174152,0.12027784953399108,0.005642194118313836,0.12851465993587424,0.43369210605706465
MIMIC,0.05,cluster_stratified,reference_n,500,142.0,0.0,142.0,142.0,142.0
MIMIC,0.05,cluster_stratified,reference_events,500,31.94,4.721969291299548,23.0,32.0,41.0
MIMIC,0.05,cluster_stratified,reference_weight_ess,500,132.09637462144812,2.84501738435774e-14,132.0963746214481,132.0963746214481,132.0963746214481
MIMIC,0.05,cluster_stratified,fit_failed,500,0.0,0.0,0.0,0.0,0.0
MIMIC,0.05,cluster_stratified,heldout_oe,500,1.0183409112085395,0.1730020531932993,0.762624572940258,0.9932541773023651,1.4245458253756642
MIMIC,0.05,cluster_stratified,heldout_calibration_slope,500,1.1409003862745632,1.092328512810536,0.4915119166141131,0.9834798545829841,3.037834505336053
MIMIC,0.05,cluster_stratified,heldout_brier,500,0.1707295804030305,0.003099448750711026,0.16776689871222233,0.16981180459557288,0.17960469933459644
MIMIC,0.05,cluster_stratified,absolute_log_oe,500,0.13159382988765675,0.09639349391176567,0.005071673681004038,0.11062410671075953,0.3630254859581956
MIMIC,0.05,random,reference_n,500,142.0,0.0,142.0,142.0,142.0
MIMIC,0.05,random,reference_events,500,32.228,4.871085191400759,24.0,32.0,42.0
MIMIC,0.05,random,reference_weight_ess,500,141.99999999999997,0.0,141.99999999999997,141.99999999999997,141.99999999999997
MIMIC,0.05,random,fit_failed,500,0.0,0.0,0.0,0.0,0.0
MIMIC,0.05,random,heldout_oe,500,1.0270906506721675,0.165550101045848,0.762922783594561,1.0021182021338237,1.3848201151019817
MIMIC,0.05,random,heldout_calibration_slope,500,1.3789638578073686,5.405799050979087,0.5152274389330009,0.9471579700333648,3.202556141823135
MIMIC,0.05,random,heldout_brier,500,0.17067114616996126,0.002812678335823897,0.16761992540532336,0.16995488129764497,0.17833227513632335
MIMIC,0.05,random,absolute_log_oe,500,0.12675742976966328,0.09493071774313513,0.005731275620443713,0.10939143613212698,0.3318524056730998
MIMIC,0.05,risk_enriched,reference_n,500,142.0,0.0,142.0,142.0,142.0
MIMIC,0.05,risk_enriched,reference_events,500,39.884,4.662404963115083,30.475,40.0,49.0
MIMIC,0.05,risk_enriched,reference_weight_ess,500,104.4377349090242,1.42250869217887e-14,104.43773490902421,104.43773490902421,104.43773490902421
MIMIC,0.05,risk_enriched,fit_failed,500,0.0,0.0,0.0,0.0,0.0
MIMIC,0.05,risk_enriched,heldout_oe,500,1.0226838371995433,0.18450266054383704,0.7503654821595988,0.991966655212972,1.5086710079818415
MIMIC,0.05,risk_enriched,heldout_calibration_slope,500,1.1883543327241226,1.0322979965407961,0.5476851318772685,0.962765282707475,2.8995440798604832
MIMIC,0.05,risk_enriched,heldout_brier,500,0.16909386182731423,0.0025627727599241137,0.16640091959714723,0.16836100091017284,0.17594341974533803
MIMIC,0.05,risk_enriched,absolute_log_oe,500,0.131933220977241,0.10923413804664667,0.004728290943534669,0.10806297442622248,0.4201910815008156
MIMIC,0.05,risk_quintile_equal,reference_n,500,142.0,0.0,142.0,142.0,142.0
MIMIC,0.05,risk_quintile_equal,reference_events,500,32.05,4.757390622080777,22.475,32.0,41.0
MIMIC,0.05,risk_quintile_equal,reference_weight_ess,500,141.95723674764187,2.84501738435774e-14,141.9572367476419,141.9572367476419,141.9572367476419
MIMIC,0.05,risk_quintile_equal,fit_failed,500,0.0,0.0,0.0,0.0,0.0
MIMIC,0.05,risk_quintile_equal,heldout_oe,500,1.0301641586539656,0.1735793762920417,0.779133024049484,1.0085986432676863,1.4621026154250663
MIMIC,0.05,risk_quintile_equal,heldout_calibration_slope,500,0.9837784196068728,3.8895735637399658,0.4996695301954982,1.0012245763215266,2.849898598316901
MIMIC,0.05,risk_quintile_equal,heldout_brier,500,0.17057500288399616,0.0027755396437504254,0.1677320909707946,0.16972354979306328,0.1778841475158743
MIMIC,0.05,risk_quintile_equal,absolute_log_oe,500,0.12884137196289253,0.09834818282918174,0.007651607954390246,0.10322601215018143,0.37987552791101953
MIMIC,0.1,cluster_stratified,reference_n,500,284.0,0.0,284.0,284.0,284.0
MIMIC,0.1,cluster_stratified,reference_events,500,64.222,6.892003731199057,51.0,64.0,77.0
MIMIC,0.1,cluster_stratified,reference_weight_ess,500,278.3694025894747,0.0,278.3694025894747,278.3694025894747,278.3694025894747
MIMIC,0.1,cluster_stratified,fit_failed,500,0.0,0.0,0.0,0.0,0.0
MIMIC,0.1,cluster_stratified,heldout_oe,500,1.0121126427188742,0.12274577437456076,0.8048915706665577,0.9996143750925945,1.3030007353859625
MIMIC,0.1,cluster_stratified,heldout_calibration_slope,500,1.0731652986742986,0.4109991436599532,0.6055900562186162,0.9763304334379816,2.084137262657845
MIMIC,0.1,cluster_stratified,heldout_brier,500,0.1695254527213548,0.0021572987424169545,0.16691281308303016,0.16902120670979376,0.1756698258803975
MIMIC,0.1,cluster_stratified,absolute_log_oe,500,0.09546998625700896,0.0714036869667842,0.003523319007689653,0.0818320667380639,0.27420692673746316
MIMIC,0.1,random,reference_n,500,284.0,0.0,284.0,284.0,284.0
MIMIC,0.1,random,reference_events,500,65.26,6.745918382967535,52.0,65.0,78.52499999999998
MIMIC,0.1,random,reference_weight_ess,500,283.99999999999994,0.0,283.99999999999994,283.99999999999994,283.99999999999994
MIMIC,0.1,random,fit_failed,500,0.0,0.0,0.0,0.0,0.0
MIMIC,0.1,random,heldout_oe,500,1.0046502516758715,0.11508504611154735,0.8115731983349969,0.9910666060372146,1.278781653863005
MIMIC,0.1,random,heldout_calibration_slope,500,1.0756604787259754,0.36731930980847466,0.6337409668444526,1.0037077377001755,2.108078429517714
MIMIC,0.1,random,heldout_brier,500,0.16919075348070697,0.001958735638400668,0.16679979399343212,0.16878582611629395,0.17433886818712
MIMIC,0.1,random,absolute_log_oe,500,0.08984989004662915,0.0684254361004203,0.00428849131186661,0.07361277519090298,0.2641373968519799
MIMIC,0.1,risk_enriched,reference_n,500,284.0,0.0,284.0,284.0,284.0
MIMIC,0.1,risk_enriched,reference_events,500,79.538,6.657717808140087,67.0,80.0,92.0
MIMIC,0.1,risk_enriched,reference_weight_ess,500,208.8754698180486,5.69003476871548e-14,208.87546981804854,208.87546981804854,208.87546981804854
MIMIC,0.1,risk_enriched,fit_failed,500,0.0,0.0,0.0,0.0,0.0
MIMIC,0.1,risk_enriched,heldout_oe,500,1.0108180250215104,0.13168617779879657,0.7926085523416163,1.0014685771659755,1.2946483718299404
MIMIC,0.1,risk_enriched,heldout_calibration_slope,500,1.0815168806696664,0.36069480429915174,0.6136818890738027,1.0065045785760725,1.9161785999683754
MIMIC,0.1,risk_enriched,heldout_brier,500,0.1664615537679051,0.0017867691334908303,0.16439235171695588,0.16597840315060122,0.17084802245417827
MIMIC,0.1,risk_enriched,absolute_log_oe,500,0.10224655205899555,0.07639335445950861,0.004630373171427485,0.08580662482561799,0.2734294873980614
MIMIC,0.1,risk_quintile_equal,reference_n,500,284.0,0.0,284.0,284.0,284.0
MIMIC,0.1,risk_quintile_equal,reference_events,500,64.936,6.825619544358494,52.0,65.0,78.52499999999998
MIMIC,0.1,risk_quintile_equal,reference_weight_ess,500,283.9841294107478,0.0,283.9841294107478,283.9841294107478,283.9841294107478
MIMIC,0.1,risk_quintile_equal,fit_failed,500,0.0,0.0,0.0,0.0,0.0
MIMIC,0.1,risk_quintile_equal,heldout_oe,500,1.0082918169443063,0.11996760135406863,0.8049653098143786,0.9982993839302667,1.2687028477570996
MIMIC,0.1,risk_quintile_equal,heldout_calibration_slope,500,1.05106610125412,0.3443381142758885,0.607973325550502,0.988442496020582,1.7769065754256448
MIMIC,0.1,risk_quintile_equal,heldout_brier,500,0.16926149390719092,0.0018878247524940182,0.1669597768259096,0.16879570386308312,0.173812142380622
MIMIC,0.1,risk_quintile_equal,absolute_log_oe,500,0.09601422373926088,0.06832141935815522,0.0040194300036290286,0.08366877056482905,0.2541745005882496
MIMIC,0.2,cluster_stratified,reference_n,500,568.0,0.0,568.0,568.0,568.0
MIMIC,0.2,cluster_stratified,reference_events,500,129.508,9.040209443013314,111.475,130.0,146.52499999999998
MIMIC,0.2,cluster_stratified,reference_weight_ess,500,564.9163240732104,1.138006953743096e-13,564.9163240732103,564.9163240732103,564.9163240732103
MIMIC,0.2,cluster_stratified,fit_failed,500,0.0,0.0,0.0,0.0,0.0
MIMIC,0.2,cluster_stratified,heldout_oe,500,1.0029525484151165,0.08722179280837626,0.8540401625888943,0.9932262533179741,1.1983912676926634
MIMIC,0.2,cluster_stratified,heldout_calibration_slope,500,1.0502103380551835,0.23613416787813174,0.6833810532952225,1.0144658261696557,1.6272280166249224
MIMIC,0.2,cluster_stratified,heldout_brier,500,0.16857415035407775,0.0022619972918915686,0.16526797021052728,0.16829738439987374,0.17381497561399462
MIMIC,0.2,cluster_stratified,absolute_log_oe,500,0.06744062710706024,0.053179256381622825,0.004305217754718929,0.054518793393867976,0.18831617700984768
MIMIC,0.2,random,reference_n,500,568.0,0.0,568.0,568.0,568.0
MIMIC,0.2,random,reference_events,500,129.386,9.089237177284453,112.0,129.0,148.0
MIMIC,0.2,random,reference_weight_ess,500,567.9999999999999,0.0,567.9999999999999,567.9999999999999,567.9999999999999
MIMIC,0.2,random,fit_failed,500,0.0,0.0,0.0,0.0,0.0
MIMIC,0.2,random,heldout_oe,500,1.009002922627309,0.08765571480275393,0.8538564208228787,1.004605709629267,1.1936687184735844
MIMIC,0.2,random,heldout_calibration_slope,500,1.0306744382353377,0.24538748001035585,0.672339059529609,0.9894845335565996,1.5905850565002584
MIMIC,0.2,random,heldout_brier,500,0.16877350861557178,0.0022806425784596845,0.16517243322640127,0.16836797227347589,0.17409195923751558
MIMIC,0.2,random,absolute_log_oe,500,0.06840527290061299,0.05298784570541168,0.0040504169222025,0.05500304213748124,0.1917191199868275
MIMIC,0.2,risk_enriched,reference_n,500,568.0,0.0,568.0,568.0,568.0
MIMIC,0.2,risk_enriched,reference_events,500,158.222,8.436769177137455,142.0,158.0,175.0
MIMIC,0.2,risk_enriched,reference_weight_ess,500,417.7509396360972,1.138006953743096e-13,417.7509396360971,417.7509396360971,417.7509396360971
MIMIC,0.2,risk_enriched,fit_failed,500,0.0,0.0,0.0,0.0,0.0
MIMIC,0.2,risk_enriched,heldout_oe,500,1.0108908091898863,0.09840814417015062,0.8381888217189016,1.0041617164121832,1.2160692230364016
MIMIC,0.2,risk_enriched,heldout_calibration_slope,500,1.0908522725820708,0.24446666038428888,0.7099304331856752,1.0577091704218522,1.649098431989299
MIMIC,0.2,risk_enriched,heldout_brier,500,0.16239096441315842,0.001901232254708793,0.1596904759376403,0.16205185033957598,0.16669070852703552
MIMIC,0.2,risk_enriched,absolute_log_oe,500,0.07667704112051021,0.05964108179835867,0.003082562670048492,0.06249879934953556,0.23556785882115203
MIMIC,0.2,risk_quintile_equal,reference_n,500,568.0,0.0,568.0,568.0,568.0
MIMIC,0.2,risk_quintile_equal,reference_events,500,129.732,8.7180378737843,113.0,130.0,147.0
MIMIC,0.2,risk_quintile_equal,reference_weight_ess,500,567.9897006934845,1.138006953743096e-13,567.9897006934843,567.9897006934843,567.9897006934843
MIMIC,0.2,risk_quintile_equal,fit_failed,500,0.0,0.0,0.0,0.0,0.0
MIMIC,0.2,risk_quintile_equal,heldout_oe,500,1.0029452456390942,0.0855590655763242,0.8498916506010173,0.998011749517977,1.1816289407342169
MIMIC,0.2,risk_quintile_equal,heldout_calibration_slope,500,1.0189597591221982,0.23066682455599782,0.6490880063123623,0.9851986916039224,1.5177048581719599
MIMIC,0.2,risk_quintile_equal,heldout_brier,500,0.16873550906514323,0.0022311589492792993,0.16522339987803242,0.16849383379835065,0.17352523602082787
MIMIC,0.2,risk_quintile_equal,absolute_log_oe,500,0.0668497190656976,0.05158547678577018,0.0030829795616200235,0.05274506849008728,0.18258812537785352
